2026-09-24 00:11:25.129 +05:00 [WRN] Entity 'Product' has a global query filter defined and is the required end of a relationship with the entity 'ProductImage'. This may lead to unexpected results when the required entity is filtered out. Either configure the navigation as optional, or define matching query filters for both entities in the navigation. See https://go.microsoft.com/fwlink/?linkid=2131316 for more information.
2026-09-24 00:11:25.388 +05:00 [WRN] Entity 'Product' has a global query filter defined and is the required end of a relationship with the entity 'ProductOption'. This may lead to unexpected results when the required entity is filtered out. Either configure the navigation as optional, or define matching query filters for both entities in the navigation. See https://go.microsoft.com/fwlink/?linkid=2131316 for more information.
2026-09-24 00:11:25.393 +05:00 [WRN] Entity 'Product' has a global query filter defined and is the required end of a relationship with the entity 'ProductTag'. This may lead to unexpected results when the required entity is filtered out. Either configure the navigation as optional, or define matching query filters for both entities in the navigation. See https://go.microsoft.com/fwlink/?linkid=2131316 for more information.
2026-09-24 00:11:25.395 +05:00 [WRN] Entity 'Product' has a global query filter defined and is the required end of a relationship with the entity 'ProductVariant'. This may lead to unexpected results when the required entity is filtered out. Either configure the navigation as optional, or define matching query filters for both entities in the navigation. See https://go.microsoft.com/fwlink/?linkid=2131316 for more information.
2026-09-24 00:11:30.795 +05:00 [INF] Acquiring an exclusive lock for migration application. See https://aka.ms/efcore-docs-migrations-lock for more information if this takes too long.
2026-09-24 00:11:31.635 +05:00 [INF] No migrations were applied. The database is already up to date.
2026-09-24 00:11:35.347 +05:00 [INF] Catalogue already seeded; skipping
2026-09-24 00:11:35.706 +05:00 [INF] Now listening on: http://localhost:5080
2026-09-24 00:11:35.707 +05:00 [INF] Application started. Press Ctrl+C to shut down.
2026-09-24 00:11:35.708 +05:00 [INF] Hosting environment: Development
2026-09-24 00:11:35.708 +05:00 [INF] Content root path: D:\Projects\Store\src\Store.Api
2026-09-24 00:11:37.607 +05:00 [WRN] Failed to determine the https port for redirect.
2026-09-24 00:11:44.274 +05:00 [WRN] Slow request: GET /health took 6660 ms (budget 300 ms) → 200
2026-09-24 00:11:45.818 +05:00 [WRN] Slow request: GET /api/cart took 1171 ms (budget 300 ms) → 200
2026-09-24 00:11:47.249 +05:00 [WRN] Slow request: GET /api/catalog/products took 1136 ms (budget 300 ms) → 200
2026-09-24 00:11:48.995 +05:00 [WRN] Compiling a query which loads related collections for more than one collection navigation, either via 'Include' or through projection, but no 'QuerySplittingBehavior' has been configured. By default, Entity Framework will use 'QuerySplittingBehavior.SingleQuery', which can potentially result in slow query performance. See https://go.microsoft.com/fwlink/?linkid=2134277 for more information. To identify the query that's triggering this warning call 'ConfigureWarnings(w => w.Throw(RelationalEventId.MultipleCollectionIncludeWarning))'.
2026-09-24 00:11:50.116 +05:00 [WRN] Slow request: GET /api/catalog/products/tata-green-tea-bags took 1401 ms (budget 300 ms) → 200
2026-09-24 00:11:59.948 +05:00 [WRN] Slow request: POST /api/cart/items took 3145 ms (budget 300 ms) → 200
2026-09-24 00:11:59.964 +05:00 [WRN] DbUpdateConcurrencyException on POST /api/cart/items → 409 (correlation 00-7618db28570046212d9ab8ed6bfe9122-8609d1cea2471328-00)
Microsoft.EntityFrameworkCore.DbUpdateConcurrencyException: The database operation was expected to affect 1 row(s), but actually affected 0 row(s); data may have been modified or deleted since entities were loaded. See https://go.microsoft.com/fwlink/?LinkId=527962 for information on understanding and handling optimistic concurrency exceptions.
   at Microsoft.EntityFrameworkCore.Update.AffectedCountModificationCommandBatch.ThrowAggregateUpdateConcurrencyExceptionAsync(RelationalDataReader reader, Int32 commandIndex, Int32 expectedRowsAffected, Int32 rowsAffected, CancellationToken cancellationToken)
   at Microsoft.EntityFrameworkCore.Update.AffectedCountModificationCommandBatch.ConsumeResultSetWithRowsAffectedOnlyAsync(Int32 commandIndex, RelationalDataReader reader, CancellationToken cancellationToken)
   at Microsoft.EntityFrameworkCore.Update.AffectedCountModificationCommandBatch.ConsumeAsync(RelationalDataReader reader, CancellationToken cancellationToken)
   at Microsoft.EntityFrameworkCore.Update.ReaderModificationCommandBatch.ExecuteAsync(IRelationalConnection connection, CancellationToken cancellationToken)
   at Microsoft.EntityFrameworkCore.Update.ReaderModificationCommandBatch.ExecuteAsync(IRelationalConnection connection, CancellationToken cancellationToken)
   at Microsoft.EntityFrameworkCore.SqlServer.Update.Internal.SqlServerModificationCommandBatch.ExecuteAsync(IRelationalConnection connection, CancellationToken cancellationToken)
   at Microsoft.EntityFrameworkCore.Update.Internal.BatchExecutor.ExecuteAsync(IEnumerable`1 commandBatches, IRelationalConnection connection, CancellationToken cancellationToken)
   at Microsoft.EntityFrameworkCore.Update.Internal.BatchExecutor.ExecuteAsync(IEnumerable`1 commandBatches, IRelationalConnection connection, CancellationToken cancellationToken)
   at Microsoft.EntityFrameworkCore.Update.Internal.BatchExecutor.ExecuteAsync(IEnumerable`1 commandBatches, IRelationalConnection connection, CancellationToken cancellationToken)
   at Microsoft.EntityFrameworkCore.Storage.RelationalDatabase.SaveChangesAsync(IList`1 entries, CancellationToken cancellationToken)
   at Microsoft.EntityFrameworkCore.ChangeTracking.Internal.StateManager.SaveChangesAsync(IList`1 entriesToSave, CancellationToken cancellationToken)
   at Microsoft.EntityFrameworkCore.ChangeTracking.Internal.StateManager.SaveChangesAsync(StateManager stateManager, Boolean acceptAllChangesOnSuccess, CancellationToken cancellationToken)
   at Microsoft.EntityFrameworkCore.Storage.ExecutionStrategy.<>c__DisplayClass30_0`2.<<ExecuteAsync>b__0>d.MoveNext()
--- End of stack trace from previous location ---
   at Microsoft.EntityFrameworkCore.Storage.ExecutionStrategy.ExecuteImplementationAsync[TState,TResult](Func`4 operation, Func`4 verifySucceeded, TState state, CancellationToken cancellationToken)
   at Microsoft.EntityFrameworkCore.Storage.ExecutionStrategy.ExecuteImplementationAsync[TState,TResult](Func`4 operation, Func`4 verifySucceeded, TState state, CancellationToken cancellationToken)
   at Microsoft.EntityFrameworkCore.Storage.ExecutionStrategy.ExecuteAsync[TState,TResult](TState state, Func`4 operation, Func`4 verifySucceeded, CancellationToken cancellationToken)
   at Microsoft.EntityFrameworkCore.DbContext.SaveChangesAsync(Boolean acceptAllChangesOnSuccess, CancellationToken cancellationToken)
   at Store.Infrastructure.Commerce.CartService.AddAsync(AddToCartRequest request, CancellationToken ct) in D:\Projects\Store\src\Store.Infrastructure\Commerce\CartService.cs:line 103
   at Store.Api.Endpoints.CommerceEndpoints.<>c.<<MapCart>b__1_1>d.MoveNext() in D:\Projects\Store\src\Store.Api\Endpoints\CommerceEndpoints.cs:line 53
--- End of stack trace from previous location ---
   at Microsoft.AspNetCore.Http.RequestDelegateFactory.ExecuteTaskResult[T](Task`1 task, HttpContext httpContext)
   at Microsoft.AspNetCore.Http.RequestDelegateFactory.<>c__DisplayClass102_2.<<HandleRequestBodyAndCompileRequestDelegateForJson>b__2>d.MoveNext()
--- End of stack trace from previous location ---
   at Microsoft.AspNetCore.Authorization.AuthorizationMiddleware.Invoke(HttpContext context)
   at Microsoft.AspNetCore.Authentication.AuthenticationMiddleware.Invoke(HttpContext context)
   at Microsoft.AspNetCore.RateLimiting.RateLimitingMiddleware.InvokeInternal(HttpContext context, EnableRateLimitingAttribute enableRateLimitingAttribute)
   at Program.<>c.<<<Main>$>b__0_12>d.MoveNext() in D:\Projects\Store\src\Store.Api\Program.cs:line 264
--- End of stack trace from previous location ---
   at Store.Api.Middleware.RequestTrackingMiddleware.InvokeAsync(HttpContext context) in D:\Projects\Store\src\Store.Api\Middleware\RequestTrackingMiddleware.cs:line 70
   at Microsoft.AspNetCore.Diagnostics.ExceptionHandlerMiddlewareImpl.<Invoke>g__Awaited|10_0(ExceptionHandlerMiddlewareImpl middleware, HttpContext context, Task task)
2026-09-24 00:12:00.976 +05:00 [WRN] Slow request: POST /api/cart/items took 358 ms (budget 300 ms) → 200
2026-09-24 00:12:00.976 +05:00 [WRN] DbUpdateConcurrencyException on POST /api/cart/items → 409 (correlation 00-1912d15c8013c4ca98dd3d3be9ccc387-6d39bed2a386a6e5-00)
Microsoft.EntityFrameworkCore.DbUpdateConcurrencyException: The database operation was expected to affect 1 row(s), but actually affected 0 row(s); data may have been modified or deleted since entities were loaded. See https://go.microsoft.com/fwlink/?LinkId=527962 for information on understanding and handling optimistic concurrency exceptions.
   at Microsoft.EntityFrameworkCore.Update.AffectedCountModificationCommandBatch.ThrowAggregateUpdateConcurrencyExceptionAsync(RelationalDataReader reader, Int32 commandIndex, Int32 expectedRowsAffected, Int32 rowsAffected, CancellationToken cancellationToken)
   at Microsoft.EntityFrameworkCore.Update.AffectedCountModificationCommandBatch.ConsumeResultSetWithRowsAffectedOnlyAsync(Int32 commandIndex, RelationalDataReader reader, CancellationToken cancellationToken)
   at Microsoft.EntityFrameworkCore.Update.AffectedCountModificationCommandBatch.ConsumeAsync(RelationalDataReader reader, CancellationToken cancellationToken)
   at Microsoft.EntityFrameworkCore.Update.ReaderModificationCommandBatch.ExecuteAsync(IRelationalConnection connection, CancellationToken cancellationToken)
   at Microsoft.EntityFrameworkCore.Update.ReaderModificationCommandBatch.ExecuteAsync(IRelationalConnection connection, CancellationToken cancellationToken)
   at Microsoft.EntityFrameworkCore.SqlServer.Update.Internal.SqlServerModificationCommandBatch.ExecuteAsync(IRelationalConnection connection, CancellationToken cancellationToken)
   at Microsoft.EntityFrameworkCore.Update.Internal.BatchExecutor.ExecuteAsync(IEnumerable`1 commandBatches, IRelationalConnection connection, CancellationToken cancellationToken)
   at Microsoft.EntityFrameworkCore.Update.Internal.BatchExecutor.ExecuteAsync(IEnumerable`1 commandBatches, IRelationalConnection connection, CancellationToken cancellationToken)
   at Microsoft.EntityFrameworkCore.Update.Internal.BatchExecutor.ExecuteAsync(IEnumerable`1 commandBatches, IRelationalConnection connection, CancellationToken cancellationToken)
   at Microsoft.EntityFrameworkCore.Storage.RelationalDatabase.SaveChangesAsync(IList`1 entries, CancellationToken cancellationToken)
   at Microsoft.EntityFrameworkCore.ChangeTracking.Internal.StateManager.SaveChangesAsync(IList`1 entriesToSave, CancellationToken cancellationToken)
   at Microsoft.EntityFrameworkCore.ChangeTracking.Internal.StateManager.SaveChangesAsync(StateManager stateManager, Boolean acceptAllChangesOnSuccess, CancellationToken cancellationToken)
   at Microsoft.EntityFrameworkCore.Storage.ExecutionStrategy.<>c__DisplayClass30_0`2.<<ExecuteAsync>b__0>d.MoveNext()
--- End of stack trace from previous location ---
   at Microsoft.EntityFrameworkCore.Storage.ExecutionStrategy.ExecuteImplementationAsync[TState,TResult](Func`4 operation, Func`4 verifySucceeded, TState state, CancellationToken cancellationToken)
   at Microsoft.EntityFrameworkCore.Storage.ExecutionStrategy.ExecuteImplementationAsync[TState,TResult](Func`4 operation, Func`4 verifySucceeded, TState state, CancellationToken cancellationToken)
   at Microsoft.EntityFrameworkCore.Storage.ExecutionStrategy.ExecuteAsync[TState,TResult](TState state, Func`4 operation, Func`4 verifySucceeded, CancellationToken cancellationToken)
   at Microsoft.EntityFrameworkCore.DbContext.SaveChangesAsync(Boolean acceptAllChangesOnSuccess, CancellationToken cancellationToken)
   at Store.Infrastructure.Commerce.CartService.AddAsync(AddToCartRequest request, CancellationToken ct) in D:\Projects\Store\src\Store.Infrastructure\Commerce\CartService.cs:line 103
   at Store.Api.Endpoints.CommerceEndpoints.<>c.<<MapCart>b__1_1>d.MoveNext() in D:\Projects\Store\src\Store.Api\Endpoints\CommerceEndpoints.cs:line 53
--- End of stack trace from previous location ---
   at Microsoft.AspNetCore.Http.RequestDelegateFactory.ExecuteTaskResult[T](Task`1 task, HttpContext httpContext)
   at Microsoft.AspNetCore.Http.RequestDelegateFactory.<>c__DisplayClass102_2.<<HandleRequestBodyAndCompileRequestDelegateForJson>b__2>d.MoveNext()
--- End of stack trace from previous location ---
   at Microsoft.AspNetCore.Authorization.AuthorizationMiddleware.Invoke(HttpContext context)
   at Microsoft.AspNetCore.Authentication.AuthenticationMiddleware.Invoke(HttpContext context)
   at Microsoft.AspNetCore.RateLimiting.RateLimitingMiddleware.InvokeInternal(HttpContext context, EnableRateLimitingAttribute enableRateLimitingAttribute)
   at Program.<>c.<<<Main>$>b__0_12>d.MoveNext() in D:\Projects\Store\src\Store.Api\Program.cs:line 264
--- End of stack trace from previous location ---
   at Store.Api.Middleware.RequestTrackingMiddleware.InvokeAsync(HttpContext context) in D:\Projects\Store\src\Store.Api\Middleware\RequestTrackingMiddleware.cs:line 70
   at Microsoft.AspNetCore.Diagnostics.ExceptionHandlerMiddlewareImpl.<Invoke>g__Awaited|10_0(ExceptionHandlerMiddlewareImpl middleware, HttpContext context, Task task)
2026-09-24 00:13:05.273 +05:00 [WRN] Slow request: POST /api/cart/items took 310 ms (budget 300 ms) → 200
2026-09-24 00:13:05.274 +05:00 [WRN] DbUpdateConcurrencyException on POST /api/cart/items → 409 (correlation 00-81dbc6f41a7011618d0c8e553fa03fe2-7e2e79d39de2a542-00)
Microsoft.EntityFrameworkCore.DbUpdateConcurrencyException: The database operation was expected to affect 1 row(s), but actually affected 0 row(s); data may have been modified or deleted since entities were loaded. See https://go.microsoft.com/fwlink/?LinkId=527962 for information on understanding and handling optimistic concurrency exceptions.
   at Microsoft.EntityFrameworkCore.Update.AffectedCountModificationCommandBatch.ThrowAggregateUpdateConcurrencyExceptionAsync(RelationalDataReader reader, Int32 commandIndex, Int32 expectedRowsAffected, Int32 rowsAffected, CancellationToken cancellationToken)
   at Microsoft.EntityFrameworkCore.Update.AffectedCountModificationCommandBatch.ConsumeResultSetWithRowsAffectedOnlyAsync(Int32 commandIndex, RelationalDataReader reader, CancellationToken cancellationToken)
   at Microsoft.EntityFrameworkCore.Update.AffectedCountModificationCommandBatch.ConsumeAsync(RelationalDataReader reader, CancellationToken cancellationToken)
   at Microsoft.EntityFrameworkCore.Update.ReaderModificationCommandBatch.ExecuteAsync(IRelationalConnection connection, CancellationToken cancellationToken)
   at Microsoft.EntityFrameworkCore.Update.ReaderModificationCommandBatch.ExecuteAsync(IRelationalConnection connection, CancellationToken cancellationToken)
   at Microsoft.EntityFrameworkCore.SqlServer.Update.Internal.SqlServerModificationCommandBatch.ExecuteAsync(IRelationalConnection connection, CancellationToken cancellationToken)
   at Microsoft.EntityFrameworkCore.Update.Internal.BatchExecutor.ExecuteAsync(IEnumerable`1 commandBatches, IRelationalConnection connection, CancellationToken cancellationToken)
   at Microsoft.EntityFrameworkCore.Update.Internal.BatchExecutor.ExecuteAsync(IEnumerable`1 commandBatches, IRelationalConnection connection, CancellationToken cancellationToken)
   at Microsoft.EntityFrameworkCore.Update.Internal.BatchExecutor.ExecuteAsync(IEnumerable`1 commandBatches, IRelationalConnection connection, CancellationToken cancellationToken)
   at Microsoft.EntityFrameworkCore.Storage.RelationalDatabase.SaveChangesAsync(IList`1 entries, CancellationToken cancellationToken)
   at Microsoft.EntityFrameworkCore.ChangeTracking.Internal.StateManager.SaveChangesAsync(IList`1 entriesToSave, CancellationToken cancellationToken)
   at Microsoft.EntityFrameworkCore.ChangeTracking.Internal.StateManager.SaveChangesAsync(StateManager stateManager, Boolean acceptAllChangesOnSuccess, CancellationToken cancellationToken)
   at Microsoft.EntityFrameworkCore.Storage.ExecutionStrategy.<>c__DisplayClass30_0`2.<<ExecuteAsync>b__0>d.MoveNext()
--- End of stack trace from previous location ---
   at Microsoft.EntityFrameworkCore.Storage.ExecutionStrategy.ExecuteImplementationAsync[TState,TResult](Func`4 operation, Func`4 verifySucceeded, TState state, CancellationToken cancellationToken)
   at Microsoft.EntityFrameworkCore.Storage.ExecutionStrategy.ExecuteImplementationAsync[TState,TResult](Func`4 operation, Func`4 verifySucceeded, TState state, CancellationToken cancellationToken)
   at Microsoft.EntityFrameworkCore.Storage.ExecutionStrategy.ExecuteAsync[TState,TResult](TState state, Func`4 operation, Func`4 verifySucceeded, CancellationToken cancellationToken)
   at Microsoft.EntityFrameworkCore.DbContext.SaveChangesAsync(Boolean acceptAllChangesOnSuccess, CancellationToken cancellationToken)
   at Store.Infrastructure.Commerce.CartService.AddAsync(AddToCartRequest request, CancellationToken ct) in D:\Projects\Store\src\Store.Infrastructure\Commerce\CartService.cs:line 103
   at Store.Api.Endpoints.CommerceEndpoints.<>c.<<MapCart>b__1_1>d.MoveNext() in D:\Projects\Store\src\Store.Api\Endpoints\CommerceEndpoints.cs:line 53
--- End of stack trace from previous location ---
   at Microsoft.AspNetCore.Http.RequestDelegateFactory.ExecuteTaskResult[T](Task`1 task, HttpContext httpContext)
   at Microsoft.AspNetCore.Http.RequestDelegateFactory.<>c__DisplayClass102_2.<<HandleRequestBodyAndCompileRequestDelegateForJson>b__2>d.MoveNext()
--- End of stack trace from previous location ---
   at Microsoft.AspNetCore.Authorization.AuthorizationMiddleware.Invoke(HttpContext context)
   at Microsoft.AspNetCore.Authentication.AuthenticationMiddleware.Invoke(HttpContext context)
   at Microsoft.AspNetCore.RateLimiting.RateLimitingMiddleware.InvokeInternal(HttpContext context, EnableRateLimitingAttribute enableRateLimitingAttribute)
   at Program.<>c.<<<Main>$>b__0_12>d.MoveNext() in D:\Projects\Store\src\Store.Api\Program.cs:line 264
--- End of stack trace from previous location ---
   at Store.Api.Middleware.RequestTrackingMiddleware.InvokeAsync(HttpContext context) in D:\Projects\Store\src\Store.Api\Middleware\RequestTrackingMiddleware.cs:line 70
   at Microsoft.AspNetCore.Diagnostics.ExceptionHandlerMiddlewareImpl.<Invoke>g__Awaited|10_0(ExceptionHandlerMiddlewareImpl middleware, HttpContext context, Task task)
2026-09-24 00:16:00.019 +05:00 [WRN] Entity 'Product' has a global query filter defined and is the required end of a relationship with the entity 'ProductImage'. This may lead to unexpected results when the required entity is filtered out. Either configure the navigation as optional, or define matching query filters for both entities in the navigation. See https://go.microsoft.com/fwlink/?linkid=2131316 for more information.
2026-09-24 00:16:00.304 +05:00 [WRN] Entity 'Product' has a global query filter defined and is the required end of a relationship with the entity 'ProductOption'. This may lead to unexpected results when the required entity is filtered out. Either configure the navigation as optional, or define matching query filters for both entities in the navigation. See https://go.microsoft.com/fwlink/?linkid=2131316 for more information.
2026-09-24 00:16:00.306 +05:00 [WRN] Entity 'Product' has a global query filter defined and is the required end of a relationship with the entity 'ProductTag'. This may lead to unexpected results when the required entity is filtered out. Either configure the navigation as optional, or define matching query filters for both entities in the navigation. See https://go.microsoft.com/fwlink/?linkid=2131316 for more information.
2026-09-24 00:16:00.307 +05:00 [WRN] Entity 'Product' has a global query filter defined and is the required end of a relationship with the entity 'ProductVariant'. This may lead to unexpected results when the required entity is filtered out. Either configure the navigation as optional, or define matching query filters for both entities in the navigation. See https://go.microsoft.com/fwlink/?linkid=2131316 for more information.
2026-09-24 00:16:06.505 +05:00 [INF] Acquiring an exclusive lock for migration application. See https://aka.ms/efcore-docs-migrations-lock for more information if this takes too long.
2026-09-24 00:16:08.027 +05:00 [INF] No migrations were applied. The database is already up to date.
2026-09-24 00:16:12.742 +05:00 [INF] Catalogue already seeded; skipping
2026-09-24 00:16:13.464 +05:00 [INF] Now listening on: http://localhost:5080
2026-09-24 00:16:13.465 +05:00 [INF] Application started. Press Ctrl+C to shut down.
2026-09-24 00:16:13.466 +05:00 [INF] Hosting environment: Development
2026-09-24 00:16:13.467 +05:00 [INF] Content root path: D:\Projects\Store\src\Store.Api
2026-09-24 00:16:19.229 +05:00 [WRN] Failed to determine the https port for redirect.
2026-09-24 00:16:19.660 +05:00 [WRN] Slow request: GET /health took 421 ms (budget 300 ms) → 200
2026-09-24 00:16:24.749 +05:00 [WRN] Slow request: POST /api/cart/items took 4003 ms (budget 300 ms) → 200
2026-09-24 00:16:24.778 +05:00 [ERR] Concurrency conflict on CartItem (state "Modified"), key Id=01a0cfb2-9cc7-747e-b675-16528ea57538
2026-09-24 00:16:24.783 +05:00 [WRN] DbUpdateConcurrencyException on POST /api/cart/items → 409 (correlation 00-7c3682b141f87b26db34a73fcf8b630f-9f3a7d039d61eb65-00)
Microsoft.EntityFrameworkCore.DbUpdateConcurrencyException: The database operation was expected to affect 1 row(s), but actually affected 0 row(s); data may have been modified or deleted since entities were loaded. See https://go.microsoft.com/fwlink/?LinkId=527962 for information on understanding and handling optimistic concurrency exceptions.
   at Microsoft.EntityFrameworkCore.Update.AffectedCountModificationCommandBatch.ThrowAggregateUpdateConcurrencyExceptionAsync(RelationalDataReader reader, Int32 commandIndex, Int32 expectedRowsAffected, Int32 rowsAffected, CancellationToken cancellationToken)
   at Microsoft.EntityFrameworkCore.Update.AffectedCountModificationCommandBatch.ConsumeResultSetWithRowsAffectedOnlyAsync(Int32 commandIndex, RelationalDataReader reader, CancellationToken cancellationToken)
   at Microsoft.EntityFrameworkCore.Update.AffectedCountModificationCommandBatch.ConsumeAsync(RelationalDataReader reader, CancellationToken cancellationToken)
   at Microsoft.EntityFrameworkCore.Update.ReaderModificationCommandBatch.ExecuteAsync(IRelationalConnection connection, CancellationToken cancellationToken)
   at Microsoft.EntityFrameworkCore.Update.ReaderModificationCommandBatch.ExecuteAsync(IRelationalConnection connection, CancellationToken cancellationToken)
   at Microsoft.EntityFrameworkCore.SqlServer.Update.Internal.SqlServerModificationCommandBatch.ExecuteAsync(IRelationalConnection connection, CancellationToken cancellationToken)
   at Microsoft.EntityFrameworkCore.Update.Internal.BatchExecutor.ExecuteAsync(IEnumerable`1 commandBatches, IRelationalConnection connection, CancellationToken cancellationToken)
   at Microsoft.EntityFrameworkCore.Update.Internal.BatchExecutor.ExecuteAsync(IEnumerable`1 commandBatches, IRelationalConnection connection, CancellationToken cancellationToken)
   at Microsoft.EntityFrameworkCore.Update.Internal.BatchExecutor.ExecuteAsync(IEnumerable`1 commandBatches, IRelationalConnection connection, CancellationToken cancellationToken)
   at Microsoft.EntityFrameworkCore.Storage.RelationalDatabase.SaveChangesAsync(IList`1 entries, CancellationToken cancellationToken)
   at Microsoft.EntityFrameworkCore.ChangeTracking.Internal.StateManager.SaveChangesAsync(IList`1 entriesToSave, CancellationToken cancellationToken)
   at Microsoft.EntityFrameworkCore.ChangeTracking.Internal.StateManager.SaveChangesAsync(StateManager stateManager, Boolean acceptAllChangesOnSuccess, CancellationToken cancellationToken)
   at Microsoft.EntityFrameworkCore.Storage.ExecutionStrategy.<>c__DisplayClass30_0`2.<<ExecuteAsync>b__0>d.MoveNext()
--- End of stack trace from previous location ---
   at Microsoft.EntityFrameworkCore.Storage.ExecutionStrategy.ExecuteImplementationAsync[TState,TResult](Func`4 operation, Func`4 verifySucceeded, TState state, CancellationToken cancellationToken)
   at Microsoft.EntityFrameworkCore.Storage.ExecutionStrategy.ExecuteImplementationAsync[TState,TResult](Func`4 operation, Func`4 verifySucceeded, TState state, CancellationToken cancellationToken)
   at Microsoft.EntityFrameworkCore.Storage.ExecutionStrategy.ExecuteAsync[TState,TResult](TState state, Func`4 operation, Func`4 verifySucceeded, CancellationToken cancellationToken)
   at Microsoft.EntityFrameworkCore.DbContext.SaveChangesAsync(Boolean acceptAllChangesOnSuccess, CancellationToken cancellationToken)
   at Store.Infrastructure.Commerce.CartService.AddAsync(AddToCartRequest request, CancellationToken ct) in D:\Projects\Store\src\Store.Infrastructure\Commerce\CartService.cs:line 103
   at Store.Api.Endpoints.CommerceEndpoints.<>c.<<MapCart>b__1_1>d.MoveNext() in D:\Projects\Store\src\Store.Api\Endpoints\CommerceEndpoints.cs:line 53
--- End of stack trace from previous location ---
   at Microsoft.AspNetCore.Http.RequestDelegateFactory.ExecuteTaskResult[T](Task`1 task, HttpContext httpContext)
   at Microsoft.AspNetCore.Http.RequestDelegateFactory.<>c__DisplayClass102_2.<<HandleRequestBodyAndCompileRequestDelegateForJson>b__2>d.MoveNext()
--- End of stack trace from previous location ---
   at Microsoft.AspNetCore.Authorization.AuthorizationMiddleware.Invoke(HttpContext context)
   at Microsoft.AspNetCore.Authentication.AuthenticationMiddleware.Invoke(HttpContext context)
   at Microsoft.AspNetCore.RateLimiting.RateLimitingMiddleware.InvokeInternal(HttpContext context, EnableRateLimitingAttribute enableRateLimitingAttribute)
   at Program.<>c.<<<Main>$>b__0_12>d.MoveNext() in D:\Projects\Store\src\Store.Api\Program.cs:line 264
--- End of stack trace from previous location ---
   at Store.Api.Middleware.RequestTrackingMiddleware.InvokeAsync(HttpContext context) in D:\Projects\Store\src\Store.Api\Middleware\RequestTrackingMiddleware.cs:line 70
   at Microsoft.AspNetCore.Diagnostics.ExceptionHandlerMiddlewareImpl.<Invoke>g__Awaited|10_0(ExceptionHandlerMiddlewareImpl middleware, HttpContext context, Task task)
2026-09-24 00:26:40.615 +05:00 [WRN] Entity 'Product' has a global query filter defined and is the required end of a relationship with the entity 'ProductImage'. This may lead to unexpected results when the required entity is filtered out. Either configure the navigation as optional, or define matching query filters for both entities in the navigation. See https://go.microsoft.com/fwlink/?linkid=2131316 for more information.
2026-09-24 00:26:41.048 +05:00 [WRN] Entity 'Product' has a global query filter defined and is the required end of a relationship with the entity 'ProductOption'. This may lead to unexpected results when the required entity is filtered out. Either configure the navigation as optional, or define matching query filters for both entities in the navigation. See https://go.microsoft.com/fwlink/?linkid=2131316 for more information.
2026-09-24 00:26:41.050 +05:00 [WRN] Entity 'Product' has a global query filter defined and is the required end of a relationship with the entity 'ProductTag'. This may lead to unexpected results when the required entity is filtered out. Either configure the navigation as optional, or define matching query filters for both entities in the navigation. See https://go.microsoft.com/fwlink/?linkid=2131316 for more information.
2026-09-24 00:26:41.051 +05:00 [WRN] Entity 'Product' has a global query filter defined and is the required end of a relationship with the entity 'ProductVariant'. This may lead to unexpected results when the required entity is filtered out. Either configure the navigation as optional, or define matching query filters for both entities in the navigation. See https://go.microsoft.com/fwlink/?linkid=2131316 for more information.
2026-09-24 00:26:47.852 +05:00 [INF] Acquiring an exclusive lock for migration application. See https://aka.ms/efcore-docs-migrations-lock for more information if this takes too long.
2026-09-24 00:26:49.166 +05:00 [INF] No migrations were applied. The database is already up to date.
2026-09-24 00:26:54.730 +05:00 [INF] Catalogue already seeded; skipping
2026-09-24 00:26:55.490 +05:00 [INF] Now listening on: http://localhost:5080
2026-09-24 00:26:55.491 +05:00 [INF] Application started. Press Ctrl+C to shut down.
2026-09-24 00:26:55.492 +05:00 [INF] Hosting environment: Development
2026-09-24 00:26:55.493 +05:00 [INF] Content root path: D:\Projects\Store\src\Store.Api
2026-09-24 00:26:58.497 +05:00 [WRN] Failed to determine the https port for redirect.
2026-09-24 00:26:59.032 +05:00 [WRN] Slow request: GET /health took 526 ms (budget 300 ms) → 200
2026-09-24 00:27:05.638 +05:00 [WRN] Compiling a query which loads related collections for more than one collection navigation, either via 'Include' or through projection, but no 'QuerySplittingBehavior' has been configured. By default, Entity Framework will use 'QuerySplittingBehavior.SingleQuery', which can potentially result in slow query performance. See https://go.microsoft.com/fwlink/?linkid=2134277 for more information. To identify the query that's triggering this warning call 'ConfigureWarnings(w => w.Throw(RelationalEventId.MultipleCollectionIncludeWarning))'.
2026-09-24 00:27:07.239 +05:00 [WRN] Slow request: POST /api/cart/items took 6276 ms (budget 300 ms) → 200
2026-09-24 00:27:11.099 +05:00 [WRN] Slow request: PUT /api/cart/items/01a0cfbc-63e9-756a-ac1f-898ea89459a8 took 301 ms (budget 300 ms) → 200
2026-09-24 00:27:51.231 +05:00 [WRN] Slow request: POST /api/cart/items took 366 ms (budget 300 ms) → 200
2026-09-24 00:27:52.975 +05:00 [WRN] Slow request: POST /api/cart/coupon took 608 ms (budget 300 ms) → 200
2026-09-24 00:27:56.838 +05:00 [WRN] Slow request: GET /api/checkout/summary took 753 ms (budget 300 ms) → 200
2026-09-24 00:28:32.787 +05:00 [INF] Order WPS-20260923-0001 placed: 1 item(s), total 182.80 HKD
2026-09-24 00:28:32.808 +05:00 [INF] [Email not sent — no SMTP configured]
  To: test.guest@example.com
  Subject: Order WPS-20260923-0001 received
  Body:
<p>Thank you for your order.</p>
<p><strong>Order number:</strong> WPS-20260923-0001<br/>
<strong>Total:</strong> HKD 182.80</p>
<p>We will send another update as soon as it is on its way.</p>
<p>Waqas Provision Store — Ngau Chi Wan Market, Choi Hung</p>
2026-09-24 00:28:33.167 +05:00 [WRN] Compiling a query which loads related collections for more than one collection navigation, either via 'Include' or through projection, but no 'QuerySplittingBehavior' has been configured. By default, Entity Framework will use 'QuerySplittingBehavior.SingleQuery', which can potentially result in slow query performance. See https://go.microsoft.com/fwlink/?linkid=2134277 for more information. To identify the query that's triggering this warning call 'ConfigureWarnings(w => w.Throw(RelationalEventId.MultipleCollectionIncludeWarning))'.
2026-09-24 00:28:33.992 +05:00 [WRN] Slow request: POST /api/checkout took 4539 ms (budget 300 ms) → 200
2026-09-24 00:28:37.729 +05:00 [WRN] Slow request: GET /api/cart took 536 ms (budget 300 ms) → 200
2026-09-24 00:29:15.385 +05:00 [WRN] Slow request: POST /api/auth/login took 2008 ms (budget 300 ms) → 200
2026-09-24 00:29:15.951 +05:00 [WRN] Compiling a query which loads related collections for more than one collection navigation, either via 'Include' or through projection, but no 'QuerySplittingBehavior' has been configured. By default, Entity Framework will use 'QuerySplittingBehavior.SingleQuery', which can potentially result in slow query performance. See https://go.microsoft.com/fwlink/?linkid=2134277 for more information. To identify the query that's triggering this warning call 'ConfigureWarnings(w => w.Throw(RelationalEventId.MultipleCollectionIncludeWarning))'.
2026-09-24 00:29:16.519 +05:00 [WRN] Slow request: GET /api/orders/track took 674 ms (budget 300 ms) → 200
2026-09-24 00:29:18.533 +05:00 [WRN] Slow request: GET /api/admin/orders took 769 ms (budget 300 ms) → 200
2026-09-24 00:29:20.370 +05:00 [WRN] Slow request: PUT /api/admin/orders/01a0cfbd-ae05-71aa-86a8-7738df6df9d7/status took 622 ms (budget 300 ms) → 409
2026-09-24 00:29:23.719 +05:00 [INF] Order WPS-20260923-0001 moved "Pending" → "Confirmed" by "469307c1-62c0-41fa-112b-08df199968ee"
2026-09-24 00:29:24.120 +05:00 [WRN] Slow request: PUT /api/admin/orders/01a0cfbd-ae05-71aa-86a8-7738df6df9d7/status took 1760 ms (budget 300 ms) → 200
2026-09-24 00:29:29.980 +05:00 [INF] Order WPS-20260923-0001 cancelled: Customer changed their mind
2026-09-24 00:29:30.182 +05:00 [INF] Order WPS-20260923-0001 moved "Confirmed" → "Cancelled" by "469307c1-62c0-41fa-112b-08df199968ee"
2026-09-24 00:29:30.190 +05:00 [WRN] Slow request: PUT /api/admin/orders/01a0cfbd-ae05-71aa-86a8-7738df6df9d7/status took 1054 ms (budget 300 ms) → 200
2026-09-24 00:36:40.371 +05:00 [WRN] Entity 'Product' has a global query filter defined and is the required end of a relationship with the entity 'ProductImage'. This may lead to unexpected results when the required entity is filtered out. Either configure the navigation as optional, or define matching query filters for both entities in the navigation. See https://go.microsoft.com/fwlink/?linkid=2131316 for more information.
2026-09-24 00:36:40.626 +05:00 [WRN] Entity 'Product' has a global query filter defined and is the required end of a relationship with the entity 'ProductOption'. This may lead to unexpected results when the required entity is filtered out. Either configure the navigation as optional, or define matching query filters for both entities in the navigation. See https://go.microsoft.com/fwlink/?linkid=2131316 for more information.
2026-09-24 00:36:40.629 +05:00 [WRN] Entity 'Product' has a global query filter defined and is the required end of a relationship with the entity 'ProductTag'. This may lead to unexpected results when the required entity is filtered out. Either configure the navigation as optional, or define matching query filters for both entities in the navigation. See https://go.microsoft.com/fwlink/?linkid=2131316 for more information.
2026-09-24 00:36:40.630 +05:00 [WRN] Entity 'Product' has a global query filter defined and is the required end of a relationship with the entity 'ProductVariant'. This may lead to unexpected results when the required entity is filtered out. Either configure the navigation as optional, or define matching query filters for both entities in the navigation. See https://go.microsoft.com/fwlink/?linkid=2131316 for more information.
2026-09-24 00:36:47.714 +05:00 [INF] Acquiring an exclusive lock for migration application. See https://aka.ms/efcore-docs-migrations-lock for more information if this takes too long.
2026-09-24 00:36:48.923 +05:00 [INF] No migrations were applied. The database is already up to date.
2026-09-24 00:36:54.585 +05:00 [INF] Catalogue already seeded; skipping
2026-09-24 00:36:55.218 +05:00 [INF] Now listening on: http://localhost:5080
2026-09-24 00:36:55.220 +05:00 [INF] Application started. Press Ctrl+C to shut down.
2026-09-24 00:36:55.221 +05:00 [INF] Hosting environment: Development
2026-09-24 00:36:55.222 +05:00 [INF] Content root path: D:\Projects\Store\src\Store.Api
2026-09-24 00:36:58.819 +05:00 [WRN] Failed to determine the https port for redirect.
2026-09-24 00:36:59.345 +05:00 [WRN] Slow request: GET /health took 519 ms (budget 300 ms) → 200
2026-09-24 00:37:03.877 +05:00 [WRN] Slow request: POST /api/auth/login took 3745 ms (budget 300 ms) → 200
2026-09-24 00:37:05.444 +05:00 [WRN] The query uses the 'First'/'FirstOrDefault' operator without 'OrderBy' and filter operators. This may lead to unpredictable results.
2026-09-24 00:37:05.776 +05:00 [WRN] The query uses the 'First'/'FirstOrDefault' operator without 'OrderBy' and filter operators. This may lead to unpredictable results.
2026-09-24 00:37:05.910 +05:00 [WRN] The query uses the 'First'/'FirstOrDefault' operator without 'OrderBy' and filter operators. This may lead to unpredictable results.
2026-09-24 00:37:06.375 +05:00 [WRN] The query uses the 'First'/'FirstOrDefault' operator without 'OrderBy' and filter operators. This may lead to unpredictable results.
2026-09-24 00:37:07.414 +05:00 [WRN] Slow request: GET /api/admin/reports/dashboard took 3063 ms (budget 300 ms) → 200
2026-09-24 00:37:10.316 +05:00 [WRN] Slow request: GET /api/admin/inventory took 1306 ms (budget 300 ms) → 200
2026-09-24 00:37:17.542 +05:00 [INF] Stock adjusted for LAZ-ALU-8595: +150 → 150 (Stock take 2026-09-24)
2026-09-24 00:37:17.546 +05:00 [WRN] Slow request: POST /api/admin/inventory/adjust took 2403 ms (budget 300 ms) → 204
2026-09-24 00:37:18.592 +05:00 [WRN] Slow request: GET /api/admin/inventory/01a0cf83-84ca-7e1b-9552-001f1353205a/history took 700 ms (budget 300 ms) → 200
2026-09-24 00:37:21.940 +05:00 [WRN] Slow request: GET /api/reviews/product/01a0cf83-83f1-746d-8d3a-68a7ba36edc5 took 661 ms (budget 300 ms) → 200
2026-09-24 00:44:51.712 +05:00 [WRN] Slow request: POST /api/auth/login took 1037 ms (budget 300 ms) → 200
2026-09-24 00:44:52.389 +05:00 [WRN] Slow request: GET /api/admin/reports/dashboard took 331 ms (budget 300 ms) → 200
2026-09-24 00:44:53.147 +05:00 [WRN] Slow request: GET /api/admin/reports/dashboard took 336 ms (budget 300 ms) → 200
2026-09-24 00:44:59.134 +05:00 [WRN] Slow request: GET /api/admin/inventory took 597 ms (budget 300 ms) → 200
2026-09-24 00:45:10.421 +05:00 [WRN] The query uses the 'First'/'FirstOrDefault' operator without 'OrderBy' and filter operators. This may lead to unpredictable results.
2026-09-24 00:45:10.920 +05:00 [WRN] Slow request: GET /api/admin/reports/sales took 571 ms (budget 300 ms) → 200
2026-09-24 00:45:10.936 +05:00 [WRN] InvalidOperationException on GET /api/admin/reports/sales → 400 (correlation 00-597176b30966af9b6ab354bd227a1c6f-d4d39d92666f5e5b-00)
System.InvalidOperationException: The LINQ expression 'DbSet<OrderItem>()
    .Join(
        inner: DbSet<Order>(), 
        outerKeySelector: o => EF.Property<Guid?>(o, "OrderId"), 
        innerKeySelector: o0 => EF.Property<Guid?>(o0, "Id"), 
        resultSelector: (o, i) => new TransparentIdentifier<OrderItem, Order>(
            Outer = o, 
            Inner = i
        ))
    .Where(o => [Pending,Confirmed,Processing,Shipped,Delivered]
        .Contains(o.Inner.Status) && o.Inner.PlacedAt >= @from && o.Inner.PlacedAt <= @to && o.Outer.ProductId != null)
    .GroupBy(o => DbSet<Product>()
        .Where(p => p.DeletedAt == null)
        .Where(p => (Guid?)p.Id == o.Outer.ProductId)
        .LeftJoin(
            inner: DbSet<Category>()
                .Where(c => c.DeletedAt == null), 
            outerKeySelector: p => EF.Property<Guid?>(p, "CategoryId"), 
            innerKeySelector: c => EF.Property<Guid?>(c, "Id"), 
            resultSelector: (o, i) => new TransparentIdentifier<Product, Category>(
                Outer = o, 
                Inner = i
            ))
        .Select(p => p.Inner.Name)
        .FirstOrDefault() ?? "Uncategorised")
    .Select(g => new CategorySalesDto(
        g.Key, 
        g
            .AsQueryable()
            .Sum(e0 => e0.Outer.Quantity), 
        g
            .AsQueryable()
            .Sum(e0 => e0.Outer.LineTotal)
    ))
    .OrderByDescending(e1 => e1.Revenue)' could not be translated. Either rewrite the query in a form that can be translated, or switch to client evaluation explicitly by inserting a call to 'AsEnumerable', 'AsAsyncEnumerable', 'ToList', or 'ToListAsync'. See https://go.microsoft.com/fwlink/?linkid=2101038 for more information.
   at Microsoft.EntityFrameworkCore.Query.QueryableMethodTranslatingExpressionVisitor.Translate(Expression expression)
   at Microsoft.EntityFrameworkCore.Query.QueryCompilationContext.CreateQueryExecutorExpression[TResult](Expression query)
   at Microsoft.EntityFrameworkCore.Query.QueryCompilationContext.CreateQueryExecutor[TResult](Expression query)
   at Microsoft.EntityFrameworkCore.Storage.Database.CompileQuery[TResult](Expression query, Boolean async)
   at Microsoft.EntityFrameworkCore.Query.Internal.QueryCompiler.CompileQueryCore[TResult](IDatabase database, Expression query, IModel model, Boolean async)
   at Microsoft.EntityFrameworkCore.Query.Internal.QueryCompiler.<>c__DisplayClass11_0`1.<ExecuteCore>b__0()
   at Microsoft.EntityFrameworkCore.Query.Internal.CompiledQueryCache.GetOrAddQuery[TResult](Object cacheKey, Func`1 compiler)
   at Microsoft.EntityFrameworkCore.Query.Internal.QueryCompiler.ExecuteCore[TResult](Expression query, Boolean async, CancellationToken cancellationToken)
   at Microsoft.EntityFrameworkCore.Query.Internal.QueryCompiler.ExecuteAsync[TResult](Expression query, CancellationToken cancellationToken)
   at Microsoft.EntityFrameworkCore.Query.Internal.EntityQueryProvider.ExecuteAsync[TResult](Expression expression, CancellationToken cancellationToken)
   at Microsoft.EntityFrameworkCore.Query.Internal.EntityQueryable`1.GetAsyncEnumerator(CancellationToken cancellationToken)
   at System.Runtime.CompilerServices.ConfiguredCancelableAsyncEnumerable`1.GetAsyncEnumerator()
   at Microsoft.EntityFrameworkCore.EntityFrameworkQueryableExtensions.ToListAsync[TSource](IQueryable`1 source, CancellationToken cancellationToken)
   at Store.Infrastructure.Reporting.ReportingService.GetSalesReportAsync(DateTimeOffset from, DateTimeOffset to, CancellationToken ct) in D:\Projects\Store\src\Store.Infrastructure\Reporting\ReportingService.cs:line 242
   at Store.Api.Endpoints.OperationsEndpoints.<>c.<<MapReporting>b__3_1>d.MoveNext() in D:\Projects\Store\src\Store.Api\Endpoints\OperationsEndpoints.cs:line 160
--- End of stack trace from previous location ---
   at Microsoft.AspNetCore.Http.RequestDelegateFactory.ExecuteTaskResult[T](Task`1 task, HttpContext httpContext)
   at Microsoft.AspNetCore.Authorization.AuthorizationMiddleware.Invoke(HttpContext context)
   at Microsoft.AspNetCore.Authentication.AuthenticationMiddleware.Invoke(HttpContext context)
   at Microsoft.AspNetCore.RateLimiting.RateLimitingMiddleware.InvokeInternal(HttpContext context, EnableRateLimitingAttribute enableRateLimitingAttribute)
   at Program.<>c.<<<Main>$>b__0_12>d.MoveNext() in D:\Projects\Store\src\Store.Api\Program.cs:line 264
--- End of stack trace from previous location ---
   at Store.Api.Middleware.RequestTrackingMiddleware.InvokeAsync(HttpContext context) in D:\Projects\Store\src\Store.Api\Middleware\RequestTrackingMiddleware.cs:line 70
   at Microsoft.AspNetCore.Diagnostics.ExceptionHandlerMiddlewareImpl.<Invoke>g__Awaited|10_0(ExceptionHandlerMiddlewareImpl middleware, HttpContext context, Task task)
2026-09-24 00:45:11.383 +05:00 [WRN] InvalidOperationException on GET /api/admin/reports/sales → 400 (correlation 00-2862a6f55f843d960fa7e624ab818f69-48ed86d78cef2c53-00)
System.InvalidOperationException: The LINQ expression 'DbSet<OrderItem>()
    .Join(
        inner: DbSet<Order>(), 
        outerKeySelector: o => EF.Property<Guid?>(o, "OrderId"), 
        innerKeySelector: o0 => EF.Property<Guid?>(o0, "Id"), 
        resultSelector: (o, i) => new TransparentIdentifier<OrderItem, Order>(
            Outer = o, 
            Inner = i
        ))
    .Where(o => [Pending,Confirmed,Processing,Shipped,Delivered]
        .Contains(o.Inner.Status) && o.Inner.PlacedAt >= @from && o.Inner.PlacedAt <= @to && o.Outer.ProductId != null)
    .GroupBy(o => DbSet<Product>()
        .Where(p => p.DeletedAt == null)
        .Where(p => (Guid?)p.Id == o.Outer.ProductId)
        .LeftJoin(
            inner: DbSet<Category>()
                .Where(c => c.DeletedAt == null), 
            outerKeySelector: p => EF.Property<Guid?>(p, "CategoryId"), 
            innerKeySelector: c => EF.Property<Guid?>(c, "Id"), 
            resultSelector: (o, i) => new TransparentIdentifier<Product, Category>(
                Outer = o, 
                Inner = i
            ))
        .Select(p => p.Inner.Name)
        .FirstOrDefault() ?? "Uncategorised")
    .Select(g => new CategorySalesDto(
        g.Key, 
        g
            .AsQueryable()
            .Sum(e0 => e0.Outer.Quantity), 
        g
            .AsQueryable()
            .Sum(e0 => e0.Outer.LineTotal)
    ))
    .OrderByDescending(e1 => e1.Revenue)' could not be translated. Either rewrite the query in a form that can be translated, or switch to client evaluation explicitly by inserting a call to 'AsEnumerable', 'AsAsyncEnumerable', 'ToList', or 'ToListAsync'. See https://go.microsoft.com/fwlink/?linkid=2101038 for more information.
   at Microsoft.EntityFrameworkCore.Query.QueryableMethodTranslatingExpressionVisitor.Translate(Expression expression)
   at Microsoft.EntityFrameworkCore.Query.QueryCompilationContext.CreateQueryExecutorExpression[TResult](Expression query)
   at Microsoft.EntityFrameworkCore.Query.QueryCompilationContext.CreateQueryExecutor[TResult](Expression query)
   at Microsoft.EntityFrameworkCore.Storage.Database.CompileQuery[TResult](Expression query, Boolean async)
   at Microsoft.EntityFrameworkCore.Query.Internal.QueryCompiler.CompileQueryCore[TResult](IDatabase database, Expression query, IModel model, Boolean async)
   at Microsoft.EntityFrameworkCore.Query.Internal.QueryCompiler.<>c__DisplayClass11_0`1.<ExecuteCore>b__0()
   at Microsoft.EntityFrameworkCore.Query.Internal.CompiledQueryCache.GetOrAddQuery[TResult](Object cacheKey, Func`1 compiler)
   at Microsoft.EntityFrameworkCore.Query.Internal.QueryCompiler.ExecuteCore[TResult](Expression query, Boolean async, CancellationToken cancellationToken)
   at Microsoft.EntityFrameworkCore.Query.Internal.QueryCompiler.ExecuteAsync[TResult](Expression query, CancellationToken cancellationToken)
   at Microsoft.EntityFrameworkCore.Query.Internal.EntityQueryProvider.ExecuteAsync[TResult](Expression expression, CancellationToken cancellationToken)
   at Microsoft.EntityFrameworkCore.Query.Internal.EntityQueryable`1.GetAsyncEnumerator(CancellationToken cancellationToken)
   at System.Runtime.CompilerServices.ConfiguredCancelableAsyncEnumerable`1.GetAsyncEnumerator()
   at Microsoft.EntityFrameworkCore.EntityFrameworkQueryableExtensions.ToListAsync[TSource](IQueryable`1 source, CancellationToken cancellationToken)
   at Store.Infrastructure.Reporting.ReportingService.GetSalesReportAsync(DateTimeOffset from, DateTimeOffset to, CancellationToken ct) in D:\Projects\Store\src\Store.Infrastructure\Reporting\ReportingService.cs:line 242
   at Store.Api.Endpoints.OperationsEndpoints.<>c.<<MapReporting>b__3_1>d.MoveNext() in D:\Projects\Store\src\Store.Api\Endpoints\OperationsEndpoints.cs:line 160
--- End of stack trace from previous location ---
   at Microsoft.AspNetCore.Http.RequestDelegateFactory.ExecuteTaskResult[T](Task`1 task, HttpContext httpContext)
   at Microsoft.AspNetCore.Authorization.AuthorizationMiddleware.Invoke(HttpContext context)
   at Microsoft.AspNetCore.Authentication.AuthenticationMiddleware.Invoke(HttpContext context)
   at Microsoft.AspNetCore.RateLimiting.RateLimitingMiddleware.InvokeInternal(HttpContext context, EnableRateLimitingAttribute enableRateLimitingAttribute)
   at Program.<>c.<<<Main>$>b__0_12>d.MoveNext() in D:\Projects\Store\src\Store.Api\Program.cs:line 264
--- End of stack trace from previous location ---
   at Store.Api.Middleware.RequestTrackingMiddleware.InvokeAsync(HttpContext context) in D:\Projects\Store\src\Store.Api\Middleware\RequestTrackingMiddleware.cs:line 70
   at Microsoft.AspNetCore.Diagnostics.ExceptionHandlerMiddlewareImpl.<Invoke>g__Awaited|10_0(ExceptionHandlerMiddlewareImpl middleware, HttpContext context, Task task)
2026-09-24 00:45:11.766 +05:00 [WRN] InvalidOperationException on GET /api/admin/reports/sales → 400 (correlation 00-8cd79ac8af42879b968c258037216c73-7df8cd4a41539bf1-00)
System.InvalidOperationException: The LINQ expression 'DbSet<OrderItem>()
    .Join(
        inner: DbSet<Order>(), 
        outerKeySelector: o => EF.Property<Guid?>(o, "OrderId"), 
        innerKeySelector: o0 => EF.Property<Guid?>(o0, "Id"), 
        resultSelector: (o, i) => new TransparentIdentifier<OrderItem, Order>(
            Outer = o, 
            Inner = i
        ))
    .Where(o => [Pending,Confirmed,Processing,Shipped,Delivered]
        .Contains(o.Inner.Status) && o.Inner.PlacedAt >= @from && o.Inner.PlacedAt <= @to && o.Outer.ProductId != null)
    .GroupBy(o => DbSet<Product>()
        .Where(p => p.DeletedAt == null)
        .Where(p => (Guid?)p.Id == o.Outer.ProductId)
        .LeftJoin(
            inner: DbSet<Category>()
                .Where(c => c.DeletedAt == null), 
            outerKeySelector: p => EF.Property<Guid?>(p, "CategoryId"), 
            innerKeySelector: c => EF.Property<Guid?>(c, "Id"), 
            resultSelector: (o, i) => new TransparentIdentifier<Product, Category>(
                Outer = o, 
                Inner = i
            ))
        .Select(p => p.Inner.Name)
        .FirstOrDefault() ?? "Uncategorised")
    .Select(g => new CategorySalesDto(
        g.Key, 
        g
            .AsQueryable()
            .Sum(e0 => e0.Outer.Quantity), 
        g
            .AsQueryable()
            .Sum(e0 => e0.Outer.LineTotal)
    ))
    .OrderByDescending(e1 => e1.Revenue)' could not be translated. Either rewrite the query in a form that can be translated, or switch to client evaluation explicitly by inserting a call to 'AsEnumerable', 'AsAsyncEnumerable', 'ToList', or 'ToListAsync'. See https://go.microsoft.com/fwlink/?linkid=2101038 for more information.
   at Microsoft.EntityFrameworkCore.Query.QueryableMethodTranslatingExpressionVisitor.Translate(Expression expression)
   at Microsoft.EntityFrameworkCore.Query.QueryCompilationContext.CreateQueryExecutorExpression[TResult](Expression query)
   at Microsoft.EntityFrameworkCore.Query.QueryCompilationContext.CreateQueryExecutor[TResult](Expression query)
   at Microsoft.EntityFrameworkCore.Storage.Database.CompileQuery[TResult](Expression query, Boolean async)
   at Microsoft.EntityFrameworkCore.Query.Internal.QueryCompiler.CompileQueryCore[TResult](IDatabase database, Expression query, IModel model, Boolean async)
   at Microsoft.EntityFrameworkCore.Query.Internal.QueryCompiler.<>c__DisplayClass11_0`1.<ExecuteCore>b__0()
   at Microsoft.EntityFrameworkCore.Query.Internal.CompiledQueryCache.GetOrAddQuery[TResult](Object cacheKey, Func`1 compiler)
   at Microsoft.EntityFrameworkCore.Query.Internal.QueryCompiler.ExecuteCore[TResult](Expression query, Boolean async, CancellationToken cancellationToken)
   at Microsoft.EntityFrameworkCore.Query.Internal.QueryCompiler.ExecuteAsync[TResult](Expression query, CancellationToken cancellationToken)
   at Microsoft.EntityFrameworkCore.Query.Internal.EntityQueryProvider.ExecuteAsync[TResult](Expression expression, CancellationToken cancellationToken)
   at Microsoft.EntityFrameworkCore.Query.Internal.EntityQueryable`1.GetAsyncEnumerator(CancellationToken cancellationToken)
   at System.Runtime.CompilerServices.ConfiguredCancelableAsyncEnumerable`1.GetAsyncEnumerator()
   at Microsoft.EntityFrameworkCore.EntityFrameworkQueryableExtensions.ToListAsync[TSource](IQueryable`1 source, CancellationToken cancellationToken)
   at Store.Infrastructure.Reporting.ReportingService.GetSalesReportAsync(DateTimeOffset from, DateTimeOffset to, CancellationToken ct) in D:\Projects\Store\src\Store.Infrastructure\Reporting\ReportingService.cs:line 242
   at Store.Api.Endpoints.OperationsEndpoints.<>c.<<MapReporting>b__3_1>d.MoveNext() in D:\Projects\Store\src\Store.Api\Endpoints\OperationsEndpoints.cs:line 160
--- End of stack trace from previous location ---
   at Microsoft.AspNetCore.Http.RequestDelegateFactory.ExecuteTaskResult[T](Task`1 task, HttpContext httpContext)
   at Microsoft.AspNetCore.Authorization.AuthorizationMiddleware.Invoke(HttpContext context)
   at Microsoft.AspNetCore.Authentication.AuthenticationMiddleware.Invoke(HttpContext context)
   at Microsoft.AspNetCore.RateLimiting.RateLimitingMiddleware.InvokeInternal(HttpContext context, EnableRateLimitingAttribute enableRateLimitingAttribute)
   at Program.<>c.<<<Main>$>b__0_12>d.MoveNext() in D:\Projects\Store\src\Store.Api\Program.cs:line 264
--- End of stack trace from previous location ---
   at Store.Api.Middleware.RequestTrackingMiddleware.InvokeAsync(HttpContext context) in D:\Projects\Store\src\Store.Api\Middleware\RequestTrackingMiddleware.cs:line 70
   at Microsoft.AspNetCore.Diagnostics.ExceptionHandlerMiddlewareImpl.<Invoke>g__Awaited|10_0(ExceptionHandlerMiddlewareImpl middleware, HttpContext context, Task task)
2026-09-24 00:45:12.099 +05:00 [WRN] InvalidOperationException on GET /api/admin/reports/sales → 400 (correlation 00-0e24008dec9e796d0403ce15a9dde797-781a87e1e5eeea3a-00)
System.InvalidOperationException: The LINQ expression 'DbSet<OrderItem>()
    .Join(
        inner: DbSet<Order>(), 
        outerKeySelector: o => EF.Property<Guid?>(o, "OrderId"), 
        innerKeySelector: o0 => EF.Property<Guid?>(o0, "Id"), 
        resultSelector: (o, i) => new TransparentIdentifier<OrderItem, Order>(
            Outer = o, 
            Inner = i
        ))
    .Where(o => [Pending,Confirmed,Processing,Shipped,Delivered]
        .Contains(o.Inner.Status) && o.Inner.PlacedAt >= @from && o.Inner.PlacedAt <= @to && o.Outer.ProductId != null)
    .GroupBy(o => DbSet<Product>()
        .Where(p => p.DeletedAt == null)
        .Where(p => (Guid?)p.Id == o.Outer.ProductId)
        .LeftJoin(
            inner: DbSet<Category>()
                .Where(c => c.DeletedAt == null), 
            outerKeySelector: p => EF.Property<Guid?>(p, "CategoryId"), 
            innerKeySelector: c => EF.Property<Guid?>(c, "Id"), 
            resultSelector: (o, i) => new TransparentIdentifier<Product, Category>(
                Outer = o, 
                Inner = i
            ))
        .Select(p => p.Inner.Name)
        .FirstOrDefault() ?? "Uncategorised")
    .Select(g => new CategorySalesDto(
        g.Key, 
        g
            .AsQueryable()
            .Sum(e0 => e0.Outer.Quantity), 
        g
            .AsQueryable()
            .Sum(e0 => e0.Outer.LineTotal)
    ))
    .OrderByDescending(e1 => e1.Revenue)' could not be translated. Either rewrite the query in a form that can be translated, or switch to client evaluation explicitly by inserting a call to 'AsEnumerable', 'AsAsyncEnumerable', 'ToList', or 'ToListAsync'. See https://go.microsoft.com/fwlink/?linkid=2101038 for more information.
   at Microsoft.EntityFrameworkCore.Query.QueryableMethodTranslatingExpressionVisitor.Translate(Expression expression)
   at Microsoft.EntityFrameworkCore.Query.QueryCompilationContext.CreateQueryExecutorExpression[TResult](Expression query)
   at Microsoft.EntityFrameworkCore.Query.QueryCompilationContext.CreateQueryExecutor[TResult](Expression query)
   at Microsoft.EntityFrameworkCore.Storage.Database.CompileQuery[TResult](Expression query, Boolean async)
   at Microsoft.EntityFrameworkCore.Query.Internal.QueryCompiler.CompileQueryCore[TResult](IDatabase database, Expression query, IModel model, Boolean async)
   at Microsoft.EntityFrameworkCore.Query.Internal.QueryCompiler.<>c__DisplayClass11_0`1.<ExecuteCore>b__0()
   at Microsoft.EntityFrameworkCore.Query.Internal.CompiledQueryCache.GetOrAddQuery[TResult](Object cacheKey, Func`1 compiler)
   at Microsoft.EntityFrameworkCore.Query.Internal.QueryCompiler.ExecuteCore[TResult](Expression query, Boolean async, CancellationToken cancellationToken)
   at Microsoft.EntityFrameworkCore.Query.Internal.QueryCompiler.ExecuteAsync[TResult](Expression query, CancellationToken cancellationToken)
   at Microsoft.EntityFrameworkCore.Query.Internal.EntityQueryProvider.ExecuteAsync[TResult](Expression expression, CancellationToken cancellationToken)
   at Microsoft.EntityFrameworkCore.Query.Internal.EntityQueryable`1.GetAsyncEnumerator(CancellationToken cancellationToken)
   at System.Runtime.CompilerServices.ConfiguredCancelableAsyncEnumerable`1.GetAsyncEnumerator()
   at Microsoft.EntityFrameworkCore.EntityFrameworkQueryableExtensions.ToListAsync[TSource](IQueryable`1 source, CancellationToken cancellationToken)
   at Store.Infrastructure.Reporting.ReportingService.GetSalesReportAsync(DateTimeOffset from, DateTimeOffset to, CancellationToken ct) in D:\Projects\Store\src\Store.Infrastructure\Reporting\ReportingService.cs:line 242
   at Store.Api.Endpoints.OperationsEndpoints.<>c.<<MapReporting>b__3_1>d.MoveNext() in D:\Projects\Store\src\Store.Api\Endpoints\OperationsEndpoints.cs:line 160
--- End of stack trace from previous location ---
   at Microsoft.AspNetCore.Http.RequestDelegateFactory.ExecuteTaskResult[T](Task`1 task, HttpContext httpContext)
   at Microsoft.AspNetCore.Authorization.AuthorizationMiddleware.Invoke(HttpContext context)
   at Microsoft.AspNetCore.Authentication.AuthenticationMiddleware.Invoke(HttpContext context)
   at Microsoft.AspNetCore.RateLimiting.RateLimitingMiddleware.InvokeInternal(HttpContext context, EnableRateLimitingAttribute enableRateLimitingAttribute)
   at Program.<>c.<<<Main>$>b__0_12>d.MoveNext() in D:\Projects\Store\src\Store.Api\Program.cs:line 264
--- End of stack trace from previous location ---
   at Store.Api.Middleware.RequestTrackingMiddleware.InvokeAsync(HttpContext context) in D:\Projects\Store\src\Store.Api\Middleware\RequestTrackingMiddleware.cs:line 70
   at Microsoft.AspNetCore.Diagnostics.ExceptionHandlerMiddlewareImpl.<Invoke>g__Awaited|10_0(ExceptionHandlerMiddlewareImpl middleware, HttpContext context, Task task)
2026-09-24 00:45:12.791 +05:00 [WRN] InvalidOperationException on GET /api/admin/reports/sales → 400 (correlation 00-847d06c0dff2f8b6b8458c1aa88134df-24d7c191eefc7d3e-00)
System.InvalidOperationException: The LINQ expression 'DbSet<OrderItem>()
    .Join(
        inner: DbSet<Order>(), 
        outerKeySelector: o => EF.Property<Guid?>(o, "OrderId"), 
        innerKeySelector: o0 => EF.Property<Guid?>(o0, "Id"), 
        resultSelector: (o, i) => new TransparentIdentifier<OrderItem, Order>(
            Outer = o, 
            Inner = i
        ))
    .Where(o => [Pending,Confirmed,Processing,Shipped,Delivered]
        .Contains(o.Inner.Status) && o.Inner.PlacedAt >= @from && o.Inner.PlacedAt <= @to && o.Outer.ProductId != null)
    .GroupBy(o => DbSet<Product>()
        .Where(p => p.DeletedAt == null)
        .Where(p => (Guid?)p.Id == o.Outer.ProductId)
        .LeftJoin(
            inner: DbSet<Category>()
                .Where(c => c.DeletedAt == null), 
            outerKeySelector: p => EF.Property<Guid?>(p, "CategoryId"), 
            innerKeySelector: c => EF.Property<Guid?>(c, "Id"), 
            resultSelector: (o, i) => new TransparentIdentifier<Product, Category>(
                Outer = o, 
                Inner = i
            ))
        .Select(p => p.Inner.Name)
        .FirstOrDefault() ?? "Uncategorised")
    .Select(g => new CategorySalesDto(
        g.Key, 
        g
            .AsQueryable()
            .Sum(e0 => e0.Outer.Quantity), 
        g
            .AsQueryable()
            .Sum(e0 => e0.Outer.LineTotal)
    ))
    .OrderByDescending(e1 => e1.Revenue)' could not be translated. Either rewrite the query in a form that can be translated, or switch to client evaluation explicitly by inserting a call to 'AsEnumerable', 'AsAsyncEnumerable', 'ToList', or 'ToListAsync'. See https://go.microsoft.com/fwlink/?linkid=2101038 for more information.
   at Microsoft.EntityFrameworkCore.Query.QueryableMethodTranslatingExpressionVisitor.Translate(Expression expression)
   at Microsoft.EntityFrameworkCore.Query.QueryCompilationContext.CreateQueryExecutorExpression[TResult](Expression query)
   at Microsoft.EntityFrameworkCore.Query.QueryCompilationContext.CreateQueryExecutor[TResult](Expression query)
   at Microsoft.EntityFrameworkCore.Storage.Database.CompileQuery[TResult](Expression query, Boolean async)
   at Microsoft.EntityFrameworkCore.Query.Internal.QueryCompiler.CompileQueryCore[TResult](IDatabase database, Expression query, IModel model, Boolean async)
   at Microsoft.EntityFrameworkCore.Query.Internal.QueryCompiler.<>c__DisplayClass11_0`1.<ExecuteCore>b__0()
   at Microsoft.EntityFrameworkCore.Query.Internal.CompiledQueryCache.GetOrAddQuery[TResult](Object cacheKey, Func`1 compiler)
   at Microsoft.EntityFrameworkCore.Query.Internal.QueryCompiler.ExecuteCore[TResult](Expression query, Boolean async, CancellationToken cancellationToken)
   at Microsoft.EntityFrameworkCore.Query.Internal.QueryCompiler.ExecuteAsync[TResult](Expression query, CancellationToken cancellationToken)
   at Microsoft.EntityFrameworkCore.Query.Internal.EntityQueryProvider.ExecuteAsync[TResult](Expression expression, CancellationToken cancellationToken)
   at Microsoft.EntityFrameworkCore.Query.Internal.EntityQueryable`1.GetAsyncEnumerator(CancellationToken cancellationToken)
   at System.Runtime.CompilerServices.ConfiguredCancelableAsyncEnumerable`1.GetAsyncEnumerator()
   at Microsoft.EntityFrameworkCore.EntityFrameworkQueryableExtensions.ToListAsync[TSource](IQueryable`1 source, CancellationToken cancellationToken)
   at Store.Infrastructure.Reporting.ReportingService.GetSalesReportAsync(DateTimeOffset from, DateTimeOffset to, CancellationToken ct) in D:\Projects\Store\src\Store.Infrastructure\Reporting\ReportingService.cs:line 242
   at Store.Api.Endpoints.OperationsEndpoints.<>c.<<MapReporting>b__3_1>d.MoveNext() in D:\Projects\Store\src\Store.Api\Endpoints\OperationsEndpoints.cs:line 160
--- End of stack trace from previous location ---
   at Microsoft.AspNetCore.Http.RequestDelegateFactory.ExecuteTaskResult[T](Task`1 task, HttpContext httpContext)
   at Microsoft.AspNetCore.Authorization.AuthorizationMiddleware.Invoke(HttpContext context)
   at Microsoft.AspNetCore.Authentication.AuthenticationMiddleware.Invoke(HttpContext context)
   at Microsoft.AspNetCore.RateLimiting.RateLimitingMiddleware.InvokeInternal(HttpContext context, EnableRateLimitingAttribute enableRateLimitingAttribute)
   at Program.<>c.<<<Main>$>b__0_12>d.MoveNext() in D:\Projects\Store\src\Store.Api\Program.cs:line 264
--- End of stack trace from previous location ---
   at Store.Api.Middleware.RequestTrackingMiddleware.InvokeAsync(HttpContext context) in D:\Projects\Store\src\Store.Api\Middleware\RequestTrackingMiddleware.cs:line 70
   at Microsoft.AspNetCore.Diagnostics.ExceptionHandlerMiddlewareImpl.<Invoke>g__Awaited|10_0(ExceptionHandlerMiddlewareImpl middleware, HttpContext context, Task task)
2026-09-24 00:45:13.398 +05:00 [WRN] InvalidOperationException on GET /api/admin/reports/sales → 400 (correlation 00-6a74cd2bf0248122c2ce217b46803de3-fde1622c574185f7-00)
System.InvalidOperationException: The LINQ expression 'DbSet<OrderItem>()
    .Join(
        inner: DbSet<Order>(), 
        outerKeySelector: o => EF.Property<Guid?>(o, "OrderId"), 
        innerKeySelector: o0 => EF.Property<Guid?>(o0, "Id"), 
        resultSelector: (o, i) => new TransparentIdentifier<OrderItem, Order>(
            Outer = o, 
            Inner = i
        ))
    .Where(o => [Pending,Confirmed,Processing,Shipped,Delivered]
        .Contains(o.Inner.Status) && o.Inner.PlacedAt >= @from && o.Inner.PlacedAt <= @to && o.Outer.ProductId != null)
    .GroupBy(o => DbSet<Product>()
        .Where(p => p.DeletedAt == null)
        .Where(p => (Guid?)p.Id == o.Outer.ProductId)
        .LeftJoin(
            inner: DbSet<Category>()
                .Where(c => c.DeletedAt == null), 
            outerKeySelector: p => EF.Property<Guid?>(p, "CategoryId"), 
            innerKeySelector: c => EF.Property<Guid?>(c, "Id"), 
            resultSelector: (o, i) => new TransparentIdentifier<Product, Category>(
                Outer = o, 
                Inner = i
            ))
        .Select(p => p.Inner.Name)
        .FirstOrDefault() ?? "Uncategorised")
    .Select(g => new CategorySalesDto(
        g.Key, 
        g
            .AsQueryable()
            .Sum(e0 => e0.Outer.Quantity), 
        g
            .AsQueryable()
            .Sum(e0 => e0.Outer.LineTotal)
    ))
    .OrderByDescending(e1 => e1.Revenue)' could not be translated. Either rewrite the query in a form that can be translated, or switch to client evaluation explicitly by inserting a call to 'AsEnumerable', 'AsAsyncEnumerable', 'ToList', or 'ToListAsync'. See https://go.microsoft.com/fwlink/?linkid=2101038 for more information.
   at Microsoft.EntityFrameworkCore.Query.QueryableMethodTranslatingExpressionVisitor.Translate(Expression expression)
   at Microsoft.EntityFrameworkCore.Query.QueryCompilationContext.CreateQueryExecutorExpression[TResult](Expression query)
   at Microsoft.EntityFrameworkCore.Query.QueryCompilationContext.CreateQueryExecutor[TResult](Expression query)
   at Microsoft.EntityFrameworkCore.Storage.Database.CompileQuery[TResult](Expression query, Boolean async)
   at Microsoft.EntityFrameworkCore.Query.Internal.QueryCompiler.CompileQueryCore[TResult](IDatabase database, Expression query, IModel model, Boolean async)
   at Microsoft.EntityFrameworkCore.Query.Internal.QueryCompiler.<>c__DisplayClass11_0`1.<ExecuteCore>b__0()
   at Microsoft.EntityFrameworkCore.Query.Internal.CompiledQueryCache.GetOrAddQuery[TResult](Object cacheKey, Func`1 compiler)
   at Microsoft.EntityFrameworkCore.Query.Internal.QueryCompiler.ExecuteCore[TResult](Expression query, Boolean async, CancellationToken cancellationToken)
   at Microsoft.EntityFrameworkCore.Query.Internal.QueryCompiler.ExecuteAsync[TResult](Expression query, CancellationToken cancellationToken)
   at Microsoft.EntityFrameworkCore.Query.Internal.EntityQueryProvider.ExecuteAsync[TResult](Expression expression, CancellationToken cancellationToken)
   at Microsoft.EntityFrameworkCore.Query.Internal.EntityQueryable`1.GetAsyncEnumerator(CancellationToken cancellationToken)
   at System.Runtime.CompilerServices.ConfiguredCancelableAsyncEnumerable`1.GetAsyncEnumerator()
   at Microsoft.EntityFrameworkCore.EntityFrameworkQueryableExtensions.ToListAsync[TSource](IQueryable`1 source, CancellationToken cancellationToken)
   at Store.Infrastructure.Reporting.ReportingService.GetSalesReportAsync(DateTimeOffset from, DateTimeOffset to, CancellationToken ct) in D:\Projects\Store\src\Store.Infrastructure\Reporting\ReportingService.cs:line 242
   at Store.Api.Endpoints.OperationsEndpoints.<>c.<<MapReporting>b__3_1>d.MoveNext() in D:\Projects\Store\src\Store.Api\Endpoints\OperationsEndpoints.cs:line 160
--- End of stack trace from previous location ---
   at Microsoft.AspNetCore.Http.RequestDelegateFactory.ExecuteTaskResult[T](Task`1 task, HttpContext httpContext)
   at Microsoft.AspNetCore.Authorization.AuthorizationMiddleware.Invoke(HttpContext context)
   at Microsoft.AspNetCore.Authentication.AuthenticationMiddleware.Invoke(HttpContext context)
   at Microsoft.AspNetCore.RateLimiting.RateLimitingMiddleware.InvokeInternal(HttpContext context, EnableRateLimitingAttribute enableRateLimitingAttribute)
   at Program.<>c.<<<Main>$>b__0_12>d.MoveNext() in D:\Projects\Store\src\Store.Api\Program.cs:line 264
--- End of stack trace from previous location ---
   at Store.Api.Middleware.RequestTrackingMiddleware.InvokeAsync(HttpContext context) in D:\Projects\Store\src\Store.Api\Middleware\RequestTrackingMiddleware.cs:line 70
   at Microsoft.AspNetCore.Diagnostics.ExceptionHandlerMiddlewareImpl.<Invoke>g__Awaited|10_0(ExceptionHandlerMiddlewareImpl middleware, HttpContext context, Task task)
2026-09-24 00:45:14.050 +05:00 [WRN] InvalidOperationException on GET /api/admin/reports/sales → 400 (correlation 00-e8a8fdac056bf4890fc434b03f4b7885-6f4aa8a010255f0d-00)
System.InvalidOperationException: The LINQ expression 'DbSet<OrderItem>()
    .Join(
        inner: DbSet<Order>(), 
        outerKeySelector: o => EF.Property<Guid?>(o, "OrderId"), 
        innerKeySelector: o0 => EF.Property<Guid?>(o0, "Id"), 
        resultSelector: (o, i) => new TransparentIdentifier<OrderItem, Order>(
            Outer = o, 
            Inner = i
        ))
    .Where(o => [Pending,Confirmed,Processing,Shipped,Delivered]
        .Contains(o.Inner.Status) && o.Inner.PlacedAt >= @from && o.Inner.PlacedAt <= @to && o.Outer.ProductId != null)
    .GroupBy(o => DbSet<Product>()
        .Where(p => p.DeletedAt == null)
        .Where(p => (Guid?)p.Id == o.Outer.ProductId)
        .LeftJoin(
            inner: DbSet<Category>()
                .Where(c => c.DeletedAt == null), 
            outerKeySelector: p => EF.Property<Guid?>(p, "CategoryId"), 
            innerKeySelector: c => EF.Property<Guid?>(c, "Id"), 
            resultSelector: (o, i) => new TransparentIdentifier<Product, Category>(
                Outer = o, 
                Inner = i
            ))
        .Select(p => p.Inner.Name)
        .FirstOrDefault() ?? "Uncategorised")
    .Select(g => new CategorySalesDto(
        g.Key, 
        g
            .AsQueryable()
            .Sum(e0 => e0.Outer.Quantity), 
        g
            .AsQueryable()
            .Sum(e0 => e0.Outer.LineTotal)
    ))
    .OrderByDescending(e1 => e1.Revenue)' could not be translated. Either rewrite the query in a form that can be translated, or switch to client evaluation explicitly by inserting a call to 'AsEnumerable', 'AsAsyncEnumerable', 'ToList', or 'ToListAsync'. See https://go.microsoft.com/fwlink/?linkid=2101038 for more information.
   at Microsoft.EntityFrameworkCore.Query.QueryableMethodTranslatingExpressionVisitor.Translate(Expression expression)
   at Microsoft.EntityFrameworkCore.Query.QueryCompilationContext.CreateQueryExecutorExpression[TResult](Expression query)
   at Microsoft.EntityFrameworkCore.Query.QueryCompilationContext.CreateQueryExecutor[TResult](Expression query)
   at Microsoft.EntityFrameworkCore.Storage.Database.CompileQuery[TResult](Expression query, Boolean async)
   at Microsoft.EntityFrameworkCore.Query.Internal.QueryCompiler.CompileQueryCore[TResult](IDatabase database, Expression query, IModel model, Boolean async)
   at Microsoft.EntityFrameworkCore.Query.Internal.QueryCompiler.<>c__DisplayClass11_0`1.<ExecuteCore>b__0()
   at Microsoft.EntityFrameworkCore.Query.Internal.CompiledQueryCache.GetOrAddQuery[TResult](Object cacheKey, Func`1 compiler)
   at Microsoft.EntityFrameworkCore.Query.Internal.QueryCompiler.ExecuteCore[TResult](Expression query, Boolean async, CancellationToken cancellationToken)
   at Microsoft.EntityFrameworkCore.Query.Internal.QueryCompiler.ExecuteAsync[TResult](Expression query, CancellationToken cancellationToken)
   at Microsoft.EntityFrameworkCore.Query.Internal.EntityQueryProvider.ExecuteAsync[TResult](Expression expression, CancellationToken cancellationToken)
   at Microsoft.EntityFrameworkCore.Query.Internal.EntityQueryable`1.GetAsyncEnumerator(CancellationToken cancellationToken)
   at System.Runtime.CompilerServices.ConfiguredCancelableAsyncEnumerable`1.GetAsyncEnumerator()
   at Microsoft.EntityFrameworkCore.EntityFrameworkQueryableExtensions.ToListAsync[TSource](IQueryable`1 source, CancellationToken cancellationToken)
   at Store.Infrastructure.Reporting.ReportingService.GetSalesReportAsync(DateTimeOffset from, DateTimeOffset to, CancellationToken ct) in D:\Projects\Store\src\Store.Infrastructure\Reporting\ReportingService.cs:line 242
   at Store.Api.Endpoints.OperationsEndpoints.<>c.<<MapReporting>b__3_1>d.MoveNext() in D:\Projects\Store\src\Store.Api\Endpoints\OperationsEndpoints.cs:line 160
--- End of stack trace from previous location ---
   at Microsoft.AspNetCore.Http.RequestDelegateFactory.ExecuteTaskResult[T](Task`1 task, HttpContext httpContext)
   at Microsoft.AspNetCore.Authorization.AuthorizationMiddleware.Invoke(HttpContext context)
   at Microsoft.AspNetCore.Authentication.AuthenticationMiddleware.Invoke(HttpContext context)
   at Microsoft.AspNetCore.RateLimiting.RateLimitingMiddleware.InvokeInternal(HttpContext context, EnableRateLimitingAttribute enableRateLimitingAttribute)
   at Program.<>c.<<<Main>$>b__0_12>d.MoveNext() in D:\Projects\Store\src\Store.Api\Program.cs:line 264
--- End of stack trace from previous location ---
   at Store.Api.Middleware.RequestTrackingMiddleware.InvokeAsync(HttpContext context) in D:\Projects\Store\src\Store.Api\Middleware\RequestTrackingMiddleware.cs:line 70
   at Microsoft.AspNetCore.Diagnostics.ExceptionHandlerMiddlewareImpl.<Invoke>g__Awaited|10_0(ExceptionHandlerMiddlewareImpl middleware, HttpContext context, Task task)
2026-09-24 00:45:14.843 +05:00 [WRN] InvalidOperationException on GET /api/admin/reports/sales → 400 (correlation 00-5af45c07943c367cfb59aa6cdf3ad2b5-0f2da34cc025608d-00)
System.InvalidOperationException: The LINQ expression 'DbSet<OrderItem>()
    .Join(
        inner: DbSet<Order>(), 
        outerKeySelector: o => EF.Property<Guid?>(o, "OrderId"), 
        innerKeySelector: o0 => EF.Property<Guid?>(o0, "Id"), 
        resultSelector: (o, i) => new TransparentIdentifier<OrderItem, Order>(
            Outer = o, 
            Inner = i
        ))
    .Where(o => [Pending,Confirmed,Processing,Shipped,Delivered]
        .Contains(o.Inner.Status) && o.Inner.PlacedAt >= @from && o.Inner.PlacedAt <= @to && o.Outer.ProductId != null)
    .GroupBy(o => DbSet<Product>()
        .Where(p => p.DeletedAt == null)
        .Where(p => (Guid?)p.Id == o.Outer.ProductId)
        .LeftJoin(
            inner: DbSet<Category>()
                .Where(c => c.DeletedAt == null), 
            outerKeySelector: p => EF.Property<Guid?>(p, "CategoryId"), 
            innerKeySelector: c => EF.Property<Guid?>(c, "Id"), 
            resultSelector: (o, i) => new TransparentIdentifier<Product, Category>(
                Outer = o, 
                Inner = i
            ))
        .Select(p => p.Inner.Name)
        .FirstOrDefault() ?? "Uncategorised")
    .Select(g => new CategorySalesDto(
        g.Key, 
        g
            .AsQueryable()
            .Sum(e0 => e0.Outer.Quantity), 
        g
            .AsQueryable()
            .Sum(e0 => e0.Outer.LineTotal)
    ))
    .OrderByDescending(e1 => e1.Revenue)' could not be translated. Either rewrite the query in a form that can be translated, or switch to client evaluation explicitly by inserting a call to 'AsEnumerable', 'AsAsyncEnumerable', 'ToList', or 'ToListAsync'. See https://go.microsoft.com/fwlink/?linkid=2101038 for more information.
   at Microsoft.EntityFrameworkCore.Query.QueryableMethodTranslatingExpressionVisitor.Translate(Expression expression)
   at Microsoft.EntityFrameworkCore.Query.QueryCompilationContext.CreateQueryExecutorExpression[TResult](Expression query)
   at Microsoft.EntityFrameworkCore.Query.QueryCompilationContext.CreateQueryExecutor[TResult](Expression query)
   at Microsoft.EntityFrameworkCore.Storage.Database.CompileQuery[TResult](Expression query, Boolean async)
   at Microsoft.EntityFrameworkCore.Query.Internal.QueryCompiler.CompileQueryCore[TResult](IDatabase database, Expression query, IModel model, Boolean async)
   at Microsoft.EntityFrameworkCore.Query.Internal.QueryCompiler.<>c__DisplayClass11_0`1.<ExecuteCore>b__0()
   at Microsoft.EntityFrameworkCore.Query.Internal.CompiledQueryCache.GetOrAddQuery[TResult](Object cacheKey, Func`1 compiler)
   at Microsoft.EntityFrameworkCore.Query.Internal.QueryCompiler.ExecuteCore[TResult](Expression query, Boolean async, CancellationToken cancellationToken)
   at Microsoft.EntityFrameworkCore.Query.Internal.QueryCompiler.ExecuteAsync[TResult](Expression query, CancellationToken cancellationToken)
   at Microsoft.EntityFrameworkCore.Query.Internal.EntityQueryProvider.ExecuteAsync[TResult](Expression expression, CancellationToken cancellationToken)
   at Microsoft.EntityFrameworkCore.Query.Internal.EntityQueryable`1.GetAsyncEnumerator(CancellationToken cancellationToken)
   at System.Runtime.CompilerServices.ConfiguredCancelableAsyncEnumerable`1.GetAsyncEnumerator()
   at Microsoft.EntityFrameworkCore.EntityFrameworkQueryableExtensions.ToListAsync[TSource](IQueryable`1 source, CancellationToken cancellationToken)
   at Store.Infrastructure.Reporting.ReportingService.GetSalesReportAsync(DateTimeOffset from, DateTimeOffset to, CancellationToken ct) in D:\Projects\Store\src\Store.Infrastructure\Reporting\ReportingService.cs:line 242
   at Store.Api.Endpoints.OperationsEndpoints.<>c.<<MapReporting>b__3_1>d.MoveNext() in D:\Projects\Store\src\Store.Api\Endpoints\OperationsEndpoints.cs:line 160
--- End of stack trace from previous location ---
   at Microsoft.AspNetCore.Http.RequestDelegateFactory.ExecuteTaskResult[T](Task`1 task, HttpContext httpContext)
   at Microsoft.AspNetCore.Authorization.AuthorizationMiddleware.Invoke(HttpContext context)
   at Microsoft.AspNetCore.Authentication.AuthenticationMiddleware.Invoke(HttpContext context)
   at Microsoft.AspNetCore.RateLimiting.RateLimitingMiddleware.InvokeInternal(HttpContext context, EnableRateLimitingAttribute enableRateLimitingAttribute)
   at Program.<>c.<<<Main>$>b__0_12>d.MoveNext() in D:\Projects\Store\src\Store.Api\Program.cs:line 264
--- End of stack trace from previous location ---
   at Store.Api.Middleware.RequestTrackingMiddleware.InvokeAsync(HttpContext context) in D:\Projects\Store\src\Store.Api\Middleware\RequestTrackingMiddleware.cs:line 70
   at Microsoft.AspNetCore.Diagnostics.ExceptionHandlerMiddlewareImpl.<Invoke>g__Awaited|10_0(ExceptionHandlerMiddlewareImpl middleware, HttpContext context, Task task)
2026-09-24 00:45:16.609 +05:00 [WRN] Slow request: GET /api/admin/products took 607 ms (budget 300 ms) → 200
2026-09-24 00:45:17.770 +05:00 [WRN] Slow request: GET /api/admin/products took 315 ms (budget 300 ms) → 200
2026-09-24 00:45:22.818 +05:00 [WRN] Slow request: GET /api/admin/orders took 462 ms (budget 300 ms) → 200
2026-09-24 09:06:49.320 +05:00 [WRN] Entity 'Product' has a global query filter defined and is the required end of a relationship with the entity 'ProductImage'. This may lead to unexpected results when the required entity is filtered out. Either configure the navigation as optional, or define matching query filters for both entities in the navigation. See https://go.microsoft.com/fwlink/?linkid=2131316 for more information.
2026-09-24 09:06:49.422 +05:00 [WRN] Entity 'Product' has a global query filter defined and is the required end of a relationship with the entity 'ProductOption'. This may lead to unexpected results when the required entity is filtered out. Either configure the navigation as optional, or define matching query filters for both entities in the navigation. See https://go.microsoft.com/fwlink/?linkid=2131316 for more information.
2026-09-24 09:06:49.424 +05:00 [WRN] Entity 'Product' has a global query filter defined and is the required end of a relationship with the entity 'ProductTag'. This may lead to unexpected results when the required entity is filtered out. Either configure the navigation as optional, or define matching query filters for both entities in the navigation. See https://go.microsoft.com/fwlink/?linkid=2131316 for more information.
2026-09-24 09:06:49.424 +05:00 [WRN] Entity 'Product' has a global query filter defined and is the required end of a relationship with the entity 'ProductVariant'. This may lead to unexpected results when the required entity is filtered out. Either configure the navigation as optional, or define matching query filters for both entities in the navigation. See https://go.microsoft.com/fwlink/?linkid=2131316 for more information.
2026-09-24 09:06:51.468 +05:00 [INF] Acquiring an exclusive lock for migration application. See https://aka.ms/efcore-docs-migrations-lock for more information if this takes too long.
2026-09-24 09:06:52.003 +05:00 [INF] No migrations were applied. The database is already up to date.
2026-09-24 09:06:53.922 +05:00 [INF] Catalogue already seeded; skipping
2026-09-24 09:06:54.148 +05:00 [INF] Now listening on: http://localhost:5080
2026-09-24 09:06:54.149 +05:00 [INF] Application started. Press Ctrl+C to shut down.
2026-09-24 09:06:54.152 +05:00 [INF] Hosting environment: Development
2026-09-24 09:06:54.152 +05:00 [INF] Content root path: D:\Projects\Store\src\Store.Api
2026-09-24 09:07:30.740 +05:00 [WRN] Failed to determine the https port for redirect.
2026-09-24 09:07:31.793 +05:00 [WRN] Slow request: POST /api/auth/login took 792 ms (budget 300 ms) → 200
2026-09-24 09:07:32.042 +05:00 [ERR] An exception occurred while iterating over the results of a query for context type 'Store.Infrastructure.Persistence.StoreDbContext'.
System.InvalidOperationException: A second operation was started on this context instance before a previous operation completed. This is usually caused by different threads concurrently using the same instance of DbContext. For more information on how to avoid threading issues with DbContext, see https://go.microsoft.com/fwlink/?linkid=2097913.
   at Microsoft.EntityFrameworkCore.Infrastructure.Internal.ConcurrencyDetector.EnterCriticalSection()
   at Microsoft.EntityFrameworkCore.Query.Internal.SingleQueryingEnumerable`1.AsyncEnumerator.MoveNextAsync()
System.InvalidOperationException: A second operation was started on this context instance before a previous operation completed. This is usually caused by different threads concurrently using the same instance of DbContext. For more information on how to avoid threading issues with DbContext, see https://go.microsoft.com/fwlink/?linkid=2097913.
   at Microsoft.EntityFrameworkCore.Infrastructure.Internal.ConcurrencyDetector.EnterCriticalSection()
   at Microsoft.EntityFrameworkCore.Query.Internal.SingleQueryingEnumerable`1.AsyncEnumerator.MoveNextAsync()
2026-09-24 09:07:32.065 +05:00 [WRN] InvalidOperationException on GET /api/storefront/bootstrap → 400 (correlation 00-2d3ee30ce9e09ff147bb0372a3f0ecf6-72cca808a1bfa321-00)
System.InvalidOperationException: A second operation was started on this context instance before a previous operation completed. This is usually caused by different threads concurrently using the same instance of DbContext. For more information on how to avoid threading issues with DbContext, see https://go.microsoft.com/fwlink/?linkid=2097913.
   at Microsoft.EntityFrameworkCore.Infrastructure.Internal.ConcurrencyDetector.EnterCriticalSection()
   at Microsoft.EntityFrameworkCore.Query.Internal.SingleQueryingEnumerable`1.AsyncEnumerator.MoveNextAsync()
   at Microsoft.EntityFrameworkCore.EntityFrameworkQueryableExtensions.ToListAsync[TSource](IQueryable`1 source, CancellationToken cancellationToken)
   at Microsoft.EntityFrameworkCore.EntityFrameworkQueryableExtensions.ToListAsync[TSource](IQueryable`1 source, CancellationToken cancellationToken)
   at Store.Infrastructure.Platform.ContentService.GetFooterPagesAsync(CancellationToken ct) in D:\Projects\Store\src\Store.Infrastructure\Platform\PlatformServices.cs:line 582
   at Store.Api.Endpoints.PlatformEndpoints.<>c.<<MapStorefrontBootstrap>b__1_0>d.MoveNext() in D:\Projects\Store\src\Store.Api\Endpoints\PlatformEndpoints.cs:line 50
--- End of stack trace from previous location ---
   at Microsoft.AspNetCore.Http.RequestDelegateFactory.ExecuteTaskResult[T](Task`1 task, HttpContext httpContext)
   at Microsoft.AspNetCore.Authorization.AuthorizationMiddleware.Invoke(HttpContext context)
   at Microsoft.AspNetCore.Authentication.AuthenticationMiddleware.Invoke(HttpContext context)
   at Microsoft.AspNetCore.OutputCaching.OutputCacheMiddleware.<>c__DisplayClass11_0.<<InvokeAwaited>g__ExecuteResponseAsync|0>d.MoveNext()
--- End of stack trace from previous location ---
   at Microsoft.AspNetCore.OutputCaching.WorkDispatcher`2.ScheduleAsync(TKey key, Func`2 valueFactory)
   at Microsoft.AspNetCore.OutputCaching.OutputCacheMiddleware.InvokeAwaited(HttpContext httpContext, IReadOnlyList`1 policies)
   at Microsoft.AspNetCore.RateLimiting.RateLimitingMiddleware.InvokeInternal(HttpContext context, EnableRateLimitingAttribute enableRateLimitingAttribute)
   at Program.<>c.<<<Main>$>b__0_12>d.MoveNext() in D:\Projects\Store\src\Store.Api\Program.cs:line 264
--- End of stack trace from previous location ---
   at Store.Api.Middleware.RequestTrackingMiddleware.InvokeAsync(HttpContext context) in D:\Projects\Store\src\Store.Api\Middleware\RequestTrackingMiddleware.cs:line 70
   at Microsoft.AspNetCore.Diagnostics.ExceptionHandlerMiddlewareImpl.<Invoke>g__Awaited|10_0(ExceptionHandlerMiddlewareImpl middleware, HttpContext context, Task task)
2026-09-24 09:07:32.981 +05:00 [WRN] Slow request: POST /api/admin/coupons took 354 ms (budget 300 ms) → 201
2026-09-24 09:09:20.124 +05:00 [WRN] Entity 'Product' has a global query filter defined and is the required end of a relationship with the entity 'ProductImage'. This may lead to unexpected results when the required entity is filtered out. Either configure the navigation as optional, or define matching query filters for both entities in the navigation. See https://go.microsoft.com/fwlink/?linkid=2131316 for more information.
2026-09-24 09:09:20.226 +05:00 [WRN] Entity 'Product' has a global query filter defined and is the required end of a relationship with the entity 'ProductOption'. This may lead to unexpected results when the required entity is filtered out. Either configure the navigation as optional, or define matching query filters for both entities in the navigation. See https://go.microsoft.com/fwlink/?linkid=2131316 for more information.
2026-09-24 09:09:20.227 +05:00 [WRN] Entity 'Product' has a global query filter defined and is the required end of a relationship with the entity 'ProductTag'. This may lead to unexpected results when the required entity is filtered out. Either configure the navigation as optional, or define matching query filters for both entities in the navigation. See https://go.microsoft.com/fwlink/?linkid=2131316 for more information.
2026-09-24 09:09:20.227 +05:00 [WRN] Entity 'Product' has a global query filter defined and is the required end of a relationship with the entity 'ProductVariant'. This may lead to unexpected results when the required entity is filtered out. Either configure the navigation as optional, or define matching query filters for both entities in the navigation. See https://go.microsoft.com/fwlink/?linkid=2131316 for more information.
2026-09-24 09:09:22.436 +05:00 [INF] Acquiring an exclusive lock for migration application. See https://aka.ms/efcore-docs-migrations-lock for more information if this takes too long.
2026-09-24 09:09:22.924 +05:00 [INF] No migrations were applied. The database is already up to date.
2026-09-24 09:09:24.977 +05:00 [INF] Catalogue already seeded; skipping
2026-09-24 09:09:25.196 +05:00 [INF] Now listening on: http://localhost:5080
2026-09-24 09:09:25.197 +05:00 [INF] Application started. Press Ctrl+C to shut down.
2026-09-24 09:09:25.198 +05:00 [INF] Hosting environment: Development
2026-09-24 09:09:25.198 +05:00 [INF] Content root path: D:\Projects\Store\src\Store.Api
2026-09-24 09:09:54.565 +05:00 [WRN] Failed to determine the https port for redirect.
2026-09-24 09:09:55.251 +05:00 [WRN] Slow request: GET /api/storefront/bootstrap took 411 ms (budget 300 ms) → 200
2026-09-24 15:52:17.507 +05:00 [WRN] Entity 'Product' has a global query filter defined and is the required end of a relationship with the entity 'ProductImage'. This may lead to unexpected results when the required entity is filtered out. Either configure the navigation as optional, or define matching query filters for both entities in the navigation. See https://go.microsoft.com/fwlink/?linkid=2131316 for more information.
2026-09-24 15:52:17.595 +05:00 [WRN] Entity 'Product' has a global query filter defined and is the required end of a relationship with the entity 'ProductOption'. This may lead to unexpected results when the required entity is filtered out. Either configure the navigation as optional, or define matching query filters for both entities in the navigation. See https://go.microsoft.com/fwlink/?linkid=2131316 for more information.
2026-09-24 15:52:17.596 +05:00 [WRN] Entity 'Product' has a global query filter defined and is the required end of a relationship with the entity 'ProductTag'. This may lead to unexpected results when the required entity is filtered out. Either configure the navigation as optional, or define matching query filters for both entities in the navigation. See https://go.microsoft.com/fwlink/?linkid=2131316 for more information.
2026-09-24 15:52:17.596 +05:00 [WRN] Entity 'Product' has a global query filter defined and is the required end of a relationship with the entity 'ProductVariant'. This may lead to unexpected results when the required entity is filtered out. Either configure the navigation as optional, or define matching query filters for both entities in the navigation. See https://go.microsoft.com/fwlink/?linkid=2131316 for more information.
2026-09-24 15:52:18.841 +05:00 [INF] Acquiring an exclusive lock for migration application. See https://aka.ms/efcore-docs-migrations-lock for more information if this takes too long.
2026-09-24 15:52:19.085 +05:00 [INF] No migrations were applied. The database is already up to date.
2026-09-24 15:52:20.153 +05:00 [INF] Catalogue already seeded; skipping
2026-09-24 15:52:20.268 +05:00 [INF] Now listening on: http://localhost:5080
2026-09-24 15:52:20.268 +05:00 [INF] Application started. Press Ctrl+C to shut down.
2026-09-24 15:52:20.268 +05:00 [INF] Hosting environment: Development
2026-09-24 15:52:20.269 +05:00 [INF] Content root path: D:\Projects\Store\src\Store.Api
2026-09-24 15:52:47.103 +05:00 [WRN] Failed to determine the https port for redirect.
2026-09-24 15:52:49.252 +05:00 [WRN] Slow request: GET /api/storefront/bootstrap took 2148 ms (budget 300 ms) → 200
2026-09-24 15:54:38.162 +05:00 [WRN] Slow request: GET /api/catalog/products took 690 ms (budget 300 ms) → 200
2026-09-24 15:54:38.162 +05:00 [WRN] Slow request: GET /api/catalog/products took 792 ms (budget 300 ms) → 200
2026-09-24 15:54:38.162 +05:00 [WRN] Slow request: GET /api/catalog/products took 769 ms (budget 300 ms) → 200
2026-09-24 16:00:39.191 +05:00 [WRN] Slow request: GET /api/catalog/products took 431 ms (budget 300 ms) → 200
2026-09-24 16:00:39.366 +05:00 [WRN] Slow request: GET /api/catalog/products took 601 ms (budget 300 ms) → 200
2026-09-24 16:00:39.373 +05:00 [WRN] Slow request: GET /api/catalog/products took 590 ms (budget 300 ms) → 200
2026-09-24 16:02:29.404 +05:00 [WRN] The query uses the 'First'/'FirstOrDefault' operator without 'OrderBy' and filter operators. This may lead to unpredictable results.
2026-09-24 16:02:29.452 +05:00 [WRN] Slow request: GET /api/catalog/products took 613 ms (budget 300 ms) → 200
2026-09-24 16:02:32.354 +05:00 [WRN] The query uses the 'First'/'FirstOrDefault' operator without 'OrderBy' and filter operators. This may lead to unpredictable results.
2026-09-24 16:02:32.464 +05:00 [WRN] Slow request: GET /api/catalog/products took 693 ms (budget 300 ms) → 200
2026-09-24 16:03:34.359 +05:00 [WRN] Compiling a query which loads related collections for more than one collection navigation, either via 'Include' or through projection, but no 'QuerySplittingBehavior' has been configured. By default, Entity Framework will use 'QuerySplittingBehavior.SingleQuery', which can potentially result in slow query performance. See https://go.microsoft.com/fwlink/?linkid=2134277 for more information. To identify the query that's triggering this warning call 'ConfigureWarnings(w => w.Throw(RelationalEventId.MultipleCollectionIncludeWarning))'.
2026-09-24 16:03:34.760 +05:00 [WRN] Slow request: GET /api/catalog/products/tata-green-tea-bags took 538 ms (budget 300 ms) → 200
2026-09-24 16:04:14.041 +05:00 [WRN] Slow request: GET /api/catalog/suggest took 315 ms (budget 300 ms) → 200
2026-09-24 16:04:14.092 +05:00 [WRN] Slow request: GET /api/catalog/products took 354 ms (budget 300 ms) → 200
2026-09-24 16:04:14.095 +05:00 [WRN] Slow request: GET /api/catalog/products took 356 ms (budget 300 ms) → 200
2026-09-24 16:04:14.179 +05:00 [WRN] Slow request: GET /api/catalog/suggest took 311 ms (budget 300 ms) → 200
2026-09-24 16:04:14.328 +05:00 [WRN] Slow request: GET /api/catalog/products took 459 ms (budget 300 ms) → 200
2026-09-24 16:04:14.352 +05:00 [WRN] Slow request: GET /api/storefront/bootstrap took 483 ms (budget 300 ms) → 200
2026-09-24 16:04:14.443 +05:00 [WRN] Slow request: GET /api/catalog/products took 578 ms (budget 300 ms) → 200
2026-09-24 16:04:14.467 +05:00 [WRN] Slow request: GET /api/catalog/products/tata-green-tea-bags took 598 ms (budget 300 ms) → 200
2026-09-24 16:04:14.513 +05:00 [WRN] Slow request: GET /api/catalog/products took 645 ms (budget 300 ms) → 200
2026-09-24 16:04:14.629 +05:00 [WRN] Slow request: GET /api/catalog/products took 507 ms (budget 300 ms) → 200
2026-09-24 16:04:14.636 +05:00 [WRN] Slow request: GET /api/catalog/products took 358 ms (budget 300 ms) → 200
2026-09-24 16:04:14.673 +05:00 [WRN] Slow request: GET /api/catalog/products took 331 ms (budget 300 ms) → 200
2026-09-24 16:04:14.841 +05:00 [WRN] Slow request: GET /api/catalog/products took 502 ms (budget 300 ms) → 200
2026-09-24 16:04:14.866 +05:00 [WRN] Slow request: GET /api/catalog/products took 394 ms (budget 300 ms) → 200
2026-09-24 16:04:14.880 +05:00 [WRN] Slow request: GET /api/catalog/products took 347 ms (budget 300 ms) → 200
2026-09-24 16:04:14.977 +05:00 [WRN] Slow request: GET /api/catalog/products took 556 ms (budget 300 ms) → 200
2026-09-24 16:04:15.049 +05:00 [WRN] Slow request: GET /api/catalog/products took 1166 ms (budget 300 ms) → 200
2026-09-24 16:04:15.050 +05:00 [WRN] Slow request: GET /api/catalog/products took 411 ms (budget 300 ms) → 200
2026-09-24 16:04:15.072 +05:00 [WRN] Slow request: GET /api/catalog/products took 1201 ms (budget 300 ms) → 200
2026-09-24 16:04:15.087 +05:00 [WRN] Slow request: GET /api/catalog/products took 563 ms (budget 300 ms) → 200
2026-09-24 16:04:15.111 +05:00 [WRN] Slow request: GET /api/catalog/products took 1232 ms (budget 300 ms) → 200
2026-09-24 16:04:15.158 +05:00 [WRN] Slow request: GET /api/catalog/products took 1187 ms (budget 300 ms) → 200
2026-09-24 16:04:15.178 +05:00 [WRN] Slow request: GET /api/catalog/products took 1439 ms (budget 300 ms) → 200
2026-09-24 16:04:15.243 +05:00 [WRN] Slow request: GET /api/catalog/products took 316 ms (budget 300 ms) → 200
2026-09-24 16:04:15.299 +05:00 [WRN] Slow request: GET /api/catalog/products took 1379 ms (budget 300 ms) → 200
2026-09-24 16:04:15.325 +05:00 [WRN] Slow request: GET /api/catalog/suggest took 464 ms (budget 300 ms) → 200
2026-09-24 16:04:15.327 +05:00 [WRN] Slow request: GET /api/catalog/products took 347 ms (budget 300 ms) → 200
2026-09-24 16:04:15.369 +05:00 [WRN] Slow request: GET /api/catalog/products took 302 ms (budget 300 ms) → 200
2026-09-24 16:04:15.393 +05:00 [WRN] Slow request: GET /api/catalog/products took 302 ms (budget 300 ms) → 200
2026-09-24 16:04:15.403 +05:00 [WRN] Slow request: GET /api/catalog/products took 303 ms (budget 300 ms) → 200
2026-09-24 16:04:15.406 +05:00 [WRN] Slow request: GET /api/catalog/products took 703 ms (budget 300 ms) → 200
2026-09-24 16:04:15.429 +05:00 [WRN] Slow request: GET /api/catalog/products took 405 ms (budget 300 ms) → 200
2026-09-24 16:04:15.462 +05:00 [WRN] Slow request: GET /api/catalog/products took 1402 ms (budget 300 ms) → 200
2026-09-24 16:04:15.532 +05:00 [WRN] Slow request: GET /api/catalog/products took 476 ms (budget 300 ms) → 200
2026-09-24 16:04:15.646 +05:00 [WRN] Slow request: GET /api/catalog/products took 667 ms (budget 300 ms) → 200
2026-09-24 16:04:15.766 +05:00 [WRN] Slow request: GET /api/catalog/products took 683 ms (budget 300 ms) → 200
2026-09-24 16:04:15.785 +05:00 [WRN] Slow request: GET /api/catalog/products took 404 ms (budget 300 ms) → 200
2026-09-24 16:04:15.814 +05:00 [WRN] Slow request: GET /api/catalog/products took 450 ms (budget 300 ms) → 200
2026-09-24 16:04:15.862 +05:00 [WRN] Slow request: GET /api/catalog/products took 488 ms (budget 300 ms) → 200
2026-09-24 16:04:15.880 +05:00 [WRN] Slow request: GET /api/catalog/products took 391 ms (budget 300 ms) → 200
2026-09-24 16:04:15.907 +05:00 [WRN] Slow request: GET /api/catalog/products took 393 ms (budget 300 ms) → 200
2026-09-24 16:04:15.920 +05:00 [WRN] Slow request: GET /api/catalog/products took 502 ms (budget 300 ms) → 200
2026-09-24 16:04:15.924 +05:00 [WRN] Slow request: GET /api/catalog/products took 403 ms (budget 300 ms) → 200
2026-09-24 16:04:15.963 +05:00 [WRN] Slow request: GET /api/catalog/products took 527 ms (budget 300 ms) → 200
2026-09-24 16:04:15.968 +05:00 [WRN] Slow request: GET /api/catalog/products took 532 ms (budget 300 ms) → 200
2026-09-24 16:04:16.064 +05:00 [WRN] Slow request: GET /api/catalog/products took 323 ms (budget 300 ms) → 200
2026-09-24 16:04:16.090 +05:00 [WRN] Slow request: GET /api/catalog/products took 615 ms (budget 300 ms) → 200
2026-09-24 16:04:16.163 +05:00 [WRN] Slow request: GET /api/catalog/products took 628 ms (budget 300 ms) → 200
2026-09-24 16:04:16.205 +05:00 [WRN] Slow request: GET /api/catalog/products took 447 ms (budget 300 ms) → 200
2026-09-24 16:04:16.209 +05:00 [WRN] Slow request: GET /api/catalog/products took 499 ms (budget 300 ms) → 200
2026-09-24 16:04:16.249 +05:00 [WRN] Slow request: GET /api/catalog/products took 317 ms (budget 300 ms) → 200
2026-09-24 16:04:16.269 +05:00 [WRN] Slow request: GET /api/catalog/products took 964 ms (budget 300 ms) → 200
2026-09-24 16:04:16.290 +05:00 [WRN] Slow request: GET /api/catalog/products took 472 ms (budget 300 ms) → 200
2026-09-24 16:04:16.310 +05:00 [WRN] Slow request: GET /api/catalog/products took 648 ms (budget 300 ms) → 200
2026-09-24 16:04:16.347 +05:00 [WRN] Slow request: GET /api/catalog/products took 421 ms (budget 300 ms) → 200
2026-09-24 16:04:16.404 +05:00 [WRN] Slow request: GET /api/catalog/products took 433 ms (budget 300 ms) → 200
2026-09-24 16:04:16.431 +05:00 [WRN] Slow request: GET /api/catalog/products took 496 ms (budget 300 ms) → 200
2026-09-24 16:04:16.465 +05:00 [WRN] Slow request: GET /api/catalog/products took 494 ms (budget 300 ms) → 200
2026-09-24 16:04:16.562 +05:00 [WRN] Slow request: GET /api/catalog/products took 415 ms (budget 300 ms) → 200
2026-09-24 16:04:16.740 +05:00 [WRN] Slow request: GET /api/catalog/products took 661 ms (budget 300 ms) → 200
2026-09-24 16:04:16.825 +05:00 [WRN] Slow request: GET /api/catalog/products took 583 ms (budget 300 ms) → 200
2026-09-24 16:04:16.837 +05:00 [WRN] Slow request: GET /api/catalog/products took 893 ms (budget 300 ms) → 200
2026-09-24 16:04:17.128 +05:00 [WRN] Slow request: GET /api/catalog/products took 716 ms (budget 300 ms) → 200
2026-09-24 16:04:17.137 +05:00 [WRN] Slow request: GET /api/catalog/suggest took 707 ms (budget 300 ms) → 200
2026-09-24 16:04:17.294 +05:00 [WRN] Slow request: GET /api/catalog/products/tata-green-tea-bags took 398 ms (budget 300 ms) → 200
2026-09-24 16:04:17.410 +05:00 [WRN] Slow request: GET /api/catalog/products took 1086 ms (budget 300 ms) → 200
2026-09-24 16:04:17.645 +05:00 [WRN] Slow request: GET /api/catalog/products took 1184 ms (budget 300 ms) → 200
2026-09-24 16:04:17.822 +05:00 [WRN] Slow request: GET /api/catalog/products took 1376 ms (budget 300 ms) → 200
2026-09-24 16:04:17.823 +05:00 [WRN] Slow request: GET /api/catalog/products took 1410 ms (budget 300 ms) → 200
2026-09-24 16:04:17.862 +05:00 [WRN] Slow request: GET /api/catalog/products took 1367 ms (budget 300 ms) → 200
2026-09-24 16:04:17.869 +05:00 [WRN] Slow request: GET /api/catalog/suggest took 712 ms (budget 300 ms) → 200
2026-09-24 16:04:18.083 +05:00 [WRN] Slow request: GET /api/catalog/products took 1639 ms (budget 300 ms) → 200
2026-09-24 16:04:18.107 +05:00 [WRN] Slow request: GET /api/catalog/suggest took 636 ms (budget 300 ms) → 200
2026-09-24 16:04:18.124 +05:00 [WRN] Slow request: GET /api/catalog/products took 1906 ms (budget 300 ms) → 200
2026-09-24 16:04:18.129 +05:00 [WRN] Slow request: GET /api/catalog/products took 1847 ms (budget 300 ms) → 200
2026-09-24 16:04:18.143 +05:00 [WRN] Slow request: GET /api/catalog/products took 1601 ms (budget 300 ms) → 200
2026-09-24 16:04:18.153 +05:00 [WRN] Slow request: GET /api/catalog/products took 1677 ms (budget 300 ms) → 200
2026-09-24 16:04:18.160 +05:00 [WRN] Slow request: GET /api/catalog/products took 1936 ms (budget 300 ms) → 200
2026-09-24 16:04:18.173 +05:00 [WRN] Slow request: GET /api/catalog/products took 1646 ms (budget 300 ms) → 200
2026-09-24 16:04:18.177 +05:00 [WRN] Slow request: GET /api/catalog/products took 1601 ms (budget 300 ms) → 200
2026-09-24 16:04:18.196 +05:00 [WRN] Slow request: GET /api/catalog/products took 1433 ms (budget 300 ms) → 200
2026-09-24 16:04:18.215 +05:00 [WRN] Slow request: GET /api/catalog/products took 893 ms (budget 300 ms) → 200
2026-09-24 16:04:18.255 +05:00 [WRN] Slow request: GET /api/catalog/products took 1409 ms (budget 300 ms) → 200
2026-09-24 16:04:18.283 +05:00 [WRN] Slow request: GET /api/catalog/products took 440 ms (budget 300 ms) → 200
2026-09-24 16:04:18.392 +05:00 [WRN] Slow request: GET /api/catalog/products took 2026 ms (budget 300 ms) → 200
2026-09-24 16:04:18.403 +05:00 [WRN] Slow request: GET /api/catalog/products took 392 ms (budget 300 ms) → 200
2026-09-24 16:04:18.410 +05:00 [WRN] Slow request: GET /api/catalog/products took 381 ms (budget 300 ms) → 200
2026-09-24 16:04:18.416 +05:00 [WRN] Slow request: GET /api/catalog/products took 745 ms (budget 300 ms) → 200
2026-09-24 16:04:18.495 +05:00 [WRN] Slow request: GET /api/catalog/suggest took 345 ms (budget 300 ms) → 200
2026-09-24 16:04:18.508 +05:00 [WRN] Slow request: GET /api/catalog/products took 377 ms (budget 300 ms) → 200
2026-09-24 16:04:18.734 +05:00 [WRN] Slow request: GET /api/catalog/products took 2431 ms (budget 300 ms) → 200
2026-09-24 16:04:18.740 +05:00 [WRN] Slow request: GET /api/catalog/suggest took 483 ms (budget 300 ms) → 200
2026-09-24 16:04:18.763 +05:00 [WRN] Slow request: GET /api/catalog/products took 577 ms (budget 300 ms) → 200
2026-09-24 16:04:18.779 +05:00 [WRN] Slow request: GET /api/catalog/products took 793 ms (budget 300 ms) → 200
2026-09-24 16:04:18.803 +05:00 [WRN] Slow request: GET /api/catalog/products took 637 ms (budget 300 ms) → 200
2026-09-24 16:04:18.824 +05:00 [WRN] Slow request: GET /api/catalog/products took 714 ms (budget 300 ms) → 200
2026-09-24 16:04:18.826 +05:00 [WRN] Slow request: GET /api/catalog/products/tata-green-tea-bags took 681 ms (budget 300 ms) → 200
2026-09-24 16:04:18.829 +05:00 [WRN] Slow request: GET /api/catalog/products/tata-green-tea-bags took 667 ms (budget 300 ms) → 200
2026-09-24 16:04:18.831 +05:00 [WRN] Slow request: GET /api/catalog/products/tata-green-tea-bags took 722 ms (budget 300 ms) → 200
2026-09-24 16:04:18.885 +05:00 [WRN] Slow request: GET /api/catalog/suggest took 588 ms (budget 300 ms) → 200
2026-09-24 16:04:18.915 +05:00 [WRN] Slow request: GET /api/catalog/suggest took 512 ms (budget 300 ms) → 200
2026-09-24 16:04:18.924 +05:00 [WRN] Slow request: GET /api/catalog/suggest took 489 ms (budget 300 ms) → 200
2026-09-24 16:04:18.939 +05:00 [WRN] Slow request: GET /api/catalog/products took 527 ms (budget 300 ms) → 200
2026-09-24 16:04:18.943 +05:00 [WRN] Slow request: GET /api/catalog/products took 711 ms (budget 300 ms) → 200
2026-09-24 16:04:18.971 +05:00 [WRN] Slow request: GET /api/catalog/products took 1814 ms (budget 300 ms) → 200
2026-09-24 16:04:19.635 +05:00 [WRN] Slow request: GET /api/catalog/products took 1123 ms (budget 300 ms) → 200
2026-09-24 16:04:19.920 +05:00 [WRN] Slow request: GET /api/catalog/products took 1178 ms (budget 300 ms) → 200
2026-09-24 16:04:19.922 +05:00 [WRN] Slow request: GET /api/catalog/products/tata-green-tea-bags took 1504 ms (budget 300 ms) → 200
2026-09-24 16:04:20.019 +05:00 [WRN] Slow request: GET /api/catalog/products took 1240 ms (budget 300 ms) → 200
2026-09-24 16:04:20.372 +05:00 [WRN] Slow request: GET /api/catalog/suggest took 1540 ms (budget 300 ms) → 200
2026-09-24 16:04:20.472 +05:00 [WRN] Slow request: GET /api/catalog/products took 1614 ms (budget 300 ms) → 200
2026-09-24 16:04:20.546 +05:00 [WRN] Slow request: GET /api/catalog/products took 1675 ms (budget 300 ms) → 200
2026-09-24 16:04:20.603 +05:00 [WRN] Slow request: GET /api/catalog/products took 2424 ms (budget 300 ms) → 200
2026-09-24 16:04:20.609 +05:00 [WRN] Slow request: GET /api/catalog/products took 2394 ms (budget 300 ms) → 200
2026-09-24 16:04:20.722 +05:00 [WRN] Slow request: GET /api/catalog/products took 1775 ms (budget 300 ms) → 200
2026-09-24 16:04:20.786 +05:00 [WRN] Slow request: GET /api/catalog/products took 2051 ms (budget 300 ms) → 200
2026-09-24 16:04:20.790 +05:00 [WRN] Slow request: GET /api/catalog/products/tata-green-tea-bags took 1960 ms (budget 300 ms) → 200
2026-09-24 16:04:20.841 +05:00 [WRN] Slow request: GET /api/catalog/products took 2047 ms (budget 300 ms) → 200
2026-09-24 16:04:20.860 +05:00 [WRN] Slow request: GET /api/catalog/products took 1929 ms (budget 300 ms) → 200
2026-09-24 16:04:20.897 +05:00 [WRN] Slow request: GET /api/catalog/products took 2064 ms (budget 300 ms) → 200
2026-09-24 16:04:20.897 +05:00 [WRN] Slow request: GET /api/catalog/products took 1980 ms (budget 300 ms) → 200
2026-09-24 16:04:48.082 +05:00 [WRN] Slow request: GET /api/catalog/products took 307 ms (budget 300 ms) → 200
2026-09-24 16:04:48.089 +05:00 [WRN] Slow request: GET /api/catalog/products took 317 ms (budget 300 ms) → 200
2026-09-24 16:04:48.116 +05:00 [WRN] Slow request: GET /api/catalog/products took 343 ms (budget 300 ms) → 200
2026-09-24 16:04:48.116 +05:00 [WRN] Slow request: GET /api/catalog/products took 350 ms (budget 300 ms) → 200
2026-09-24 16:04:48.134 +05:00 [WRN] Slow request: GET /api/catalog/products took 360 ms (budget 300 ms) → 200
2026-09-24 16:04:48.134 +05:00 [WRN] Slow request: GET /api/catalog/products took 358 ms (budget 300 ms) → 200
2026-09-24 16:04:48.149 +05:00 [WRN] Slow request: GET /api/catalog/products took 374 ms (budget 300 ms) → 200
2026-09-24 16:04:48.150 +05:00 [WRN] Slow request: GET /api/catalog/products took 381 ms (budget 300 ms) → 200
2026-09-24 16:04:48.161 +05:00 [WRN] Slow request: GET /api/catalog/products took 385 ms (budget 300 ms) → 200
2026-09-24 16:04:48.162 +05:00 [WRN] Slow request: GET /api/catalog/products took 384 ms (budget 300 ms) → 200
2026-09-24 16:04:48.174 +05:00 [WRN] Slow request: GET /api/catalog/products took 395 ms (budget 300 ms) → 200
2026-09-24 16:04:48.179 +05:00 [WRN] Slow request: GET /api/catalog/products took 399 ms (budget 300 ms) → 200
2026-09-24 16:04:48.197 +05:00 [WRN] Slow request: GET /api/catalog/products took 423 ms (budget 300 ms) → 200
2026-09-24 16:04:48.201 +05:00 [WRN] Slow request: GET /api/catalog/products took 431 ms (budget 300 ms) → 200
2026-09-24 16:04:48.202 +05:00 [WRN] Slow request: GET /api/catalog/products took 427 ms (budget 300 ms) → 200
2026-09-24 16:04:48.215 +05:00 [WRN] Slow request: GET /api/catalog/products took 435 ms (budget 300 ms) → 200
2026-09-24 16:04:48.215 +05:00 [WRN] Slow request: GET /api/catalog/products took 447 ms (budget 300 ms) → 200
2026-09-24 16:04:48.225 +05:00 [WRN] Slow request: GET /api/catalog/products took 456 ms (budget 300 ms) → 200
2026-09-24 16:04:48.256 +05:00 [WRN] Slow request: GET /api/catalog/products took 479 ms (budget 300 ms) → 200
2026-09-24 16:04:48.269 +05:00 [WRN] Slow request: GET /api/catalog/products took 490 ms (budget 300 ms) → 200
2026-09-24 16:04:48.285 +05:00 [WRN] Slow request: GET /api/catalog/products took 501 ms (budget 300 ms) → 200
2026-09-24 16:04:48.307 +05:00 [WRN] Slow request: GET /api/catalog/products took 526 ms (budget 300 ms) → 200
2026-09-24 16:04:48.401 +05:00 [WRN] Slow request: GET /api/catalog/products took 615 ms (budget 300 ms) → 200
2026-09-24 16:04:48.402 +05:00 [WRN] Slow request: GET /api/catalog/products took 607 ms (budget 300 ms) → 200
2026-09-24 16:04:48.414 +05:00 [WRN] Slow request: GET /api/catalog/products took 627 ms (budget 300 ms) → 200
2026-09-24 16:04:48.418 +05:00 [WRN] Slow request: GET /api/catalog/products took 622 ms (budget 300 ms) → 200
2026-09-24 16:04:48.431 +05:00 [WRN] Slow request: GET /api/catalog/products took 636 ms (budget 300 ms) → 200
2026-09-24 16:04:48.453 +05:00 [WRN] Slow request: GET /api/catalog/products took 655 ms (budget 300 ms) → 200
2026-09-24 16:04:48.459 +05:00 [WRN] Slow request: GET /api/catalog/products took 666 ms (budget 300 ms) → 200
2026-09-24 16:04:48.462 +05:00 [WRN] Slow request: GET /api/catalog/products took 666 ms (budget 300 ms) → 200
2026-09-24 16:04:48.466 +05:00 [WRN] Slow request: GET /api/catalog/products took 667 ms (budget 300 ms) → 200
2026-09-24 16:04:48.476 +05:00 [WRN] Slow request: GET /api/catalog/products took 678 ms (budget 300 ms) → 200
2026-09-24 16:04:48.483 +05:00 [WRN] Slow request: GET /api/catalog/products took 683 ms (budget 300 ms) → 200
2026-09-24 16:04:48.484 +05:00 [WRN] Slow request: GET /api/catalog/products took 685 ms (budget 300 ms) → 200
2026-09-24 16:04:48.496 +05:00 [WRN] Slow request: GET /api/catalog/products took 700 ms (budget 300 ms) → 200
2026-09-24 16:04:48.499 +05:00 [WRN] Slow request: GET /api/catalog/products took 702 ms (budget 300 ms) → 200
2026-09-24 16:04:48.510 +05:00 [WRN] Slow request: GET /api/catalog/products took 716 ms (budget 300 ms) → 200
2026-09-24 16:04:48.510 +05:00 [WRN] Slow request: GET /api/catalog/products took 716 ms (budget 300 ms) → 200
2026-09-24 16:04:48.514 +05:00 [WRN] Slow request: GET /api/catalog/products took 716 ms (budget 300 ms) → 200
2026-09-24 16:04:48.522 +05:00 [WRN] Slow request: GET /api/catalog/products took 722 ms (budget 300 ms) → 200
2026-09-24 16:05:37.371 +05:00 [WRN] Entity 'Product' has a global query filter defined and is the required end of a relationship with the entity 'ProductImage'. This may lead to unexpected results when the required entity is filtered out. Either configure the navigation as optional, or define matching query filters for both entities in the navigation. See https://go.microsoft.com/fwlink/?linkid=2131316 for more information.
2026-09-24 16:05:37.427 +05:00 [WRN] Entity 'Product' has a global query filter defined and is the required end of a relationship with the entity 'ProductOption'. This may lead to unexpected results when the required entity is filtered out. Either configure the navigation as optional, or define matching query filters for both entities in the navigation. See https://go.microsoft.com/fwlink/?linkid=2131316 for more information.
2026-09-24 16:05:37.428 +05:00 [WRN] Entity 'Product' has a global query filter defined and is the required end of a relationship with the entity 'ProductTag'. This may lead to unexpected results when the required entity is filtered out. Either configure the navigation as optional, or define matching query filters for both entities in the navigation. See https://go.microsoft.com/fwlink/?linkid=2131316 for more information.
2026-09-24 16:05:37.428 +05:00 [WRN] Entity 'Product' has a global query filter defined and is the required end of a relationship with the entity 'ProductVariant'. This may lead to unexpected results when the required entity is filtered out. Either configure the navigation as optional, or define matching query filters for both entities in the navigation. See https://go.microsoft.com/fwlink/?linkid=2131316 for more information.
2026-09-24 16:05:38.528 +05:00 [INF] Acquiring an exclusive lock for migration application. See https://aka.ms/efcore-docs-migrations-lock for more information if this takes too long.
2026-09-24 16:05:38.766 +05:00 [INF] No migrations were applied. The database is already up to date.
2026-09-24 16:05:39.930 +05:00 [INF] Catalogue already seeded; skipping
2026-09-24 16:05:40.061 +05:00 [INF] Now listening on: http://localhost:5080
2026-09-24 16:05:40.061 +05:00 [INF] Application started. Press Ctrl+C to shut down.
2026-09-24 16:05:40.061 +05:00 [INF] Hosting environment: Development
2026-09-24 16:05:40.061 +05:00 [INF] Content root path: D:\Projects\Store\src\Store.Api
2026-09-24 16:05:54.919 +05:00 [WRN] Failed to determine the https port for redirect.
2026-09-24 16:06:08.445 +05:00 [WRN] Slow request: GET /api/catalog/products took 517 ms (budget 300 ms) → 200
2026-09-24 16:06:08.854 +05:00 [WRN] The query uses the 'First'/'FirstOrDefault' operator without 'OrderBy' and filter operators. This may lead to unpredictable results.
2026-09-24 16:06:09.590 +05:00 [WRN] Compiling a query which loads related collections for more than one collection navigation, either via 'Include' or through projection, but no 'QuerySplittingBehavior' has been configured. By default, Entity Framework will use 'QuerySplittingBehavior.SingleQuery', which can potentially result in slow query performance. See https://go.microsoft.com/fwlink/?linkid=2134277 for more information. To identify the query that's triggering this warning call 'ConfigureWarnings(w => w.Throw(RelationalEventId.MultipleCollectionIncludeWarning))'.
2026-09-24 16:06:09.881 +05:00 [WRN] Slow request: GET /api/catalog/products/tata-green-tea-bags took 395 ms (budget 300 ms) → 200
2026-09-24 16:06:10.609 +05:00 [WRN] Slow request: GET /api/catalog/products took 328 ms (budget 300 ms) → 200
2026-09-24 16:06:10.623 +05:00 [WRN] Slow request: GET /api/catalog/products took 354 ms (budget 300 ms) → 200
2026-09-24 16:06:10.658 +05:00 [WRN] Slow request: GET /api/catalog/products/tata-green-tea-bags took 374 ms (budget 300 ms) → 200
2026-09-24 16:06:10.694 +05:00 [WRN] Slow request: GET /api/catalog/products took 476 ms (budget 300 ms) → 200
2026-09-24 16:06:10.724 +05:00 [WRN] Slow request: GET /api/catalog/products took 445 ms (budget 300 ms) → 200
2026-09-24 16:06:10.797 +05:00 [WRN] Slow request: GET /api/catalog/products took 386 ms (budget 300 ms) → 200
2026-09-24 16:06:10.821 +05:00 [WRN] Slow request: GET /api/catalog/products took 538 ms (budget 300 ms) → 200
2026-09-24 16:06:10.876 +05:00 [WRN] Slow request: GET /api/catalog/products took 562 ms (budget 300 ms) → 200
2026-09-24 16:06:10.900 +05:00 [WRN] Slow request: GET /api/catalog/products took 673 ms (budget 300 ms) → 200
2026-09-24 16:06:10.919 +05:00 [WRN] Slow request: GET /api/catalog/products took 649 ms (budget 300 ms) → 200
2026-09-24 16:06:10.940 +05:00 [WRN] Slow request: GET /api/catalog/products took 671 ms (budget 300 ms) → 200
2026-09-24 16:06:11.030 +05:00 [WRN] Slow request: GET /api/catalog/products took 613 ms (budget 300 ms) → 200
2026-09-24 16:06:11.091 +05:00 [WRN] Slow request: GET /api/storefront/bootstrap took 415 ms (budget 300 ms) → 200
2026-09-24 16:06:11.100 +05:00 [WRN] Slow request: GET /api/storefront/bootstrap took 534 ms (budget 300 ms) → 200
2026-09-24 16:06:11.119 +05:00 [WRN] Slow request: GET /api/catalog/products took 349 ms (budget 300 ms) → 200
2026-09-24 16:06:11.171 +05:00 [WRN] Slow request: GET /api/catalog/products took 370 ms (budget 300 ms) → 200
2026-09-24 16:06:11.235 +05:00 [WRN] Slow request: GET /api/catalog/products/tata-green-tea-bags took 525 ms (budget 300 ms) → 200
2026-09-24 16:06:11.282 +05:00 [WRN] Slow request: GET /api/catalog/products took 491 ms (budget 300 ms) → 200
2026-09-24 16:06:11.292 +05:00 [WRN] Slow request: GET /api/catalog/products took 773 ms (budget 300 ms) → 200
2026-09-24 16:06:11.350 +05:00 [WRN] Slow request: GET /api/catalog/products took 542 ms (budget 300 ms) → 200
2026-09-24 16:06:11.488 +05:00 [WRN] Slow request: GET /api/catalog/products took 665 ms (budget 300 ms) → 200
2026-09-24 16:06:11.489 +05:00 [WRN] Slow request: GET /api/storefront/bootstrap took 357 ms (budget 300 ms) → 200
2026-09-24 16:06:11.494 +05:00 [WRN] Slow request: GET /api/catalog/products took 993 ms (budget 300 ms) → 200
2026-09-24 16:06:11.569 +05:00 [WRN] Slow request: GET /api/catalog/products took 545 ms (budget 300 ms) → 200
2026-09-24 16:06:11.577 +05:00 [WRN] Slow request: GET /api/catalog/products took 360 ms (budget 300 ms) → 200
2026-09-24 16:06:11.699 +05:00 [WRN] Slow request: GET /api/catalog/products took 599 ms (budget 300 ms) → 200
2026-09-24 16:06:11.719 +05:00 [WRN] Slow request: GET /api/catalog/suggest took 429 ms (budget 300 ms) → 200
2026-09-24 16:06:11.785 +05:00 [WRN] Slow request: GET /api/catalog/suggest took 419 ms (budget 300 ms) → 200
2026-09-24 16:06:11.797 +05:00 [WRN] Slow request: GET /api/catalog/products took 982 ms (budget 300 ms) → 200
2026-09-24 16:06:11.807 +05:00 [WRN] Slow request: GET /api/catalog/products took 766 ms (budget 300 ms) → 200
2026-09-24 16:06:11.808 +05:00 [WRN] Slow request: GET /api/catalog/products took 523 ms (budget 300 ms) → 200
2026-09-24 16:06:11.833 +05:00 [WRN] Slow request: GET /api/catalog/products took 842 ms (budget 300 ms) → 200
2026-09-24 16:06:11.848 +05:00 [WRN] Slow request: GET /api/catalog/products took 726 ms (budget 300 ms) → 200
2026-09-24 16:06:11.896 +05:00 [WRN] Slow request: GET /api/catalog/products took 1381 ms (budget 300 ms) → 200
2026-09-24 16:06:11.906 +05:00 [WRN] Slow request: GET /api/catalog/products took 354 ms (budget 300 ms) → 200
2026-09-24 16:06:11.916 +05:00 [WRN] Slow request: GET /api/catalog/products took 813 ms (budget 300 ms) → 200
2026-09-24 16:06:11.931 +05:00 [WRN] Slow request: GET /api/catalog/suggest took 330 ms (budget 300 ms) → 200
2026-09-24 16:06:11.944 +05:00 [WRN] Slow request: GET /api/catalog/suggest took 383 ms (budget 300 ms) → 200
2026-09-24 16:06:11.954 +05:00 [WRN] Slow request: GET /api/catalog/products took 412 ms (budget 300 ms) → 200
2026-09-24 16:06:12.013 +05:00 [WRN] Slow request: GET /api/catalog/products took 835 ms (budget 300 ms) → 200
2026-09-24 16:06:12.016 +05:00 [WRN] Slow request: GET /api/catalog/products took 414 ms (budget 300 ms) → 200
2026-09-24 16:06:12.045 +05:00 [WRN] Slow request: GET /api/catalog/products took 664 ms (budget 300 ms) → 200
2026-09-24 16:06:12.068 +05:00 [WRN] Slow request: GET /api/catalog/suggest took 341 ms (budget 300 ms) → 200
2026-09-24 16:06:12.161 +05:00 [WRN] Slow request: GET /api/catalog/suggest took 303 ms (budget 300 ms) → 200
2026-09-24 16:06:12.171 +05:00 [WRN] Slow request: GET /api/catalog/suggest took 312 ms (budget 300 ms) → 200
2026-09-24 16:06:12.186 +05:00 [WRN] Slow request: GET /api/catalog/products took 882 ms (budget 300 ms) → 200
2026-09-24 16:06:12.256 +05:00 [WRN] Slow request: GET /api/catalog/products took 395 ms (budget 300 ms) → 200
2026-09-24 16:06:12.393 +05:00 [WRN] Slow request: GET /api/catalog/suggest took 338 ms (budget 300 ms) → 200
2026-09-24 16:06:12.436 +05:00 [WRN] Slow request: GET /api/catalog/products took 494 ms (budget 300 ms) → 200
2026-09-24 16:06:12.467 +05:00 [WRN] Slow request: GET /api/catalog/products took 525 ms (budget 300 ms) → 200
2026-09-24 16:06:12.468 +05:00 [WRN] Slow request: GET /api/catalog/suggest took 381 ms (budget 300 ms) → 200
2026-09-24 16:06:12.511 +05:00 [WRN] Slow request: GET /api/catalog/products took 488 ms (budget 300 ms) → 200
2026-09-24 16:06:12.625 +05:00 [WRN] Slow request: GET /api/catalog/products took 565 ms (budget 300 ms) → 200
2026-09-24 16:06:12.662 +05:00 [WRN] Slow request: GET /api/catalog/products took 745 ms (budget 300 ms) → 200
2026-09-24 16:06:12.750 +05:00 [WRN] Slow request: GET /api/catalog/products took 648 ms (budget 300 ms) → 200
2026-09-24 16:06:12.757 +05:00 [WRN] Slow request: GET /api/catalog/products took 634 ms (budget 300 ms) → 200
2026-09-24 16:06:12.767 +05:00 [WRN] Slow request: GET /api/catalog/products took 1188 ms (budget 300 ms) → 200
2026-09-24 16:06:12.929 +05:00 [WRN] Slow request: GET /api/catalog/products took 753 ms (budget 300 ms) → 200
2026-09-24 16:06:12.950 +05:00 [WRN] Slow request: GET /api/catalog/products took 1132 ms (budget 300 ms) → 200
2026-09-24 16:06:13.023 +05:00 [WRN] Slow request: GET /api/catalog/products took 1002 ms (budget 300 ms) → 200
2026-09-24 16:06:13.031 +05:00 [WRN] Slow request: GET /api/catalog/suggest took 675 ms (budget 300 ms) → 200
2026-09-24 16:06:13.033 +05:00 [WRN] Slow request: GET /api/catalog/products took 1198 ms (budget 300 ms) → 200
2026-09-24 16:06:13.039 +05:00 [WRN] Slow request: GET /api/catalog/products took 1193 ms (budget 300 ms) → 200
2026-09-24 16:06:13.052 +05:00 [WRN] Slow request: GET /api/catalog/products took 786 ms (budget 300 ms) → 200
2026-09-24 16:06:13.137 +05:00 [WRN] Slow request: GET /api/catalog/products took 681 ms (budget 300 ms) → 200
2026-09-24 16:06:13.164 +05:00 [WRN] Slow request: GET /api/catalog/products took 980 ms (budget 300 ms) → 200
2026-09-24 16:06:13.170 +05:00 [WRN] Slow request: GET /api/catalog/suggest took 526 ms (budget 300 ms) → 200
2026-09-24 16:06:13.228 +05:00 [WRN] Slow request: GET /api/catalog/products took 799 ms (budget 300 ms) → 200
2026-09-24 16:06:13.313 +05:00 [WRN] Slow request: GET /api/catalog/products took 334 ms (budget 300 ms) → 200
2026-09-24 16:06:13.376 +05:00 [WRN] Slow request: GET /api/catalog/products took 337 ms (budget 300 ms) → 200
2026-09-24 16:06:13.416 +05:00 [WRN] Slow request: GET /api/catalog/products took 1244 ms (budget 300 ms) → 200
2026-09-24 16:06:13.465 +05:00 [WRN] Slow request: GET /api/catalog/products took 1267 ms (budget 300 ms) → 200
2026-09-24 16:06:13.529 +05:00 [WRN] Slow request: GET /api/catalog/products took 467 ms (budget 300 ms) → 200
2026-09-24 16:06:13.564 +05:00 [WRN] Slow request: GET /api/catalog/products took 797 ms (budget 300 ms) → 200
2026-09-24 16:06:13.586 +05:00 [WRN] Slow request: GET /api/catalog/products took 903 ms (budget 300 ms) → 200
2026-09-24 16:06:13.598 +05:00 [WRN] Slow request: GET /api/catalog/products took 451 ms (budget 300 ms) → 200
2026-09-24 16:06:13.630 +05:00 [WRN] Slow request: GET /api/catalog/products took 849 ms (budget 300 ms) → 200
2026-09-24 16:06:13.643 +05:00 [WRN] Slow request: GET /api/catalog/products took 395 ms (budget 300 ms) → 200
2026-09-24 16:06:13.655 +05:00 [WRN] Slow request: GET /api/catalog/products took 1172 ms (budget 300 ms) → 200
2026-09-24 16:06:13.671 +05:00 [WRN] Slow request: GET /api/catalog/products took 704 ms (budget 300 ms) → 200
2026-09-24 16:06:13.696 +05:00 [WRN] Slow request: GET /api/catalog/products took 1056 ms (budget 300 ms) → 200
2026-09-24 16:06:13.710 +05:00 [WRN] Slow request: GET /api/catalog/products took 1186 ms (budget 300 ms) → 200
2026-09-24 16:06:13.734 +05:00 [WRN] Slow request: GET /api/catalog/products took 692 ms (budget 300 ms) → 200
2026-09-24 16:06:13.834 +05:00 [WRN] Slow request: GET /api/catalog/products took 647 ms (budget 300 ms) → 200
2026-09-24 16:06:13.839 +05:00 [WRN] Slow request: GET /api/catalog/products took 662 ms (budget 300 ms) → 200
2026-09-24 16:06:13.956 +05:00 [WRN] Slow request: GET /api/catalog/products took 804 ms (budget 300 ms) → 200
2026-09-24 16:06:13.998 +05:00 [WRN] Slow request: GET /api/catalog/products took 306 ms (budget 300 ms) → 200
2026-09-24 16:06:14.091 +05:00 [WRN] Slow request: GET /api/catalog/products took 305 ms (budget 300 ms) → 200
2026-09-24 16:06:14.100 +05:00 [WRN] Slow request: GET /api/catalog/products took 787 ms (budget 300 ms) → 200
2026-09-24 16:06:14.109 +05:00 [WRN] Slow request: GET /api/catalog/products took 466 ms (budget 300 ms) → 200
2026-09-24 16:06:14.126 +05:00 [WRN] Slow request: GET /api/catalog/products took 531 ms (budget 300 ms) → 200
2026-09-24 16:06:14.168 +05:00 [WRN] Slow request: GET /api/catalog/products took 302 ms (budget 300 ms) → 200
2026-09-24 16:06:14.173 +05:00 [WRN] Slow request: GET /api/catalog/products took 624 ms (budget 300 ms) → 200
2026-09-24 16:06:14.235 +05:00 [WRN] Slow request: GET /api/catalog/products took 334 ms (budget 300 ms) → 200
2026-09-24 16:06:14.287 +05:00 [WRN] Slow request: GET /api/catalog/products took 585 ms (budget 300 ms) → 200
2026-09-24 16:06:14.375 +05:00 [WRN] Slow request: GET /api/catalog/products took 673 ms (budget 300 ms) → 200
2026-09-24 16:06:14.396 +05:00 [WRN] Slow request: GET /api/catalog/products took 632 ms (budget 300 ms) → 200
2026-09-24 16:06:14.499 +05:00 [WRN] Slow request: GET /api/catalog/products took 339 ms (budget 300 ms) → 200
2026-09-24 16:06:14.522 +05:00 [WRN] Slow request: GET /api/catalog/products took 472 ms (budget 300 ms) → 200
2026-09-24 16:06:14.548 +05:00 [WRN] Slow request: GET /api/catalog/products took 342 ms (budget 300 ms) → 200
2026-09-24 16:06:14.554 +05:00 [WRN] Slow request: GET /api/catalog/products took 440 ms (budget 300 ms) → 200
2026-09-24 16:06:14.561 +05:00 [WRN] Slow request: GET /api/catalog/products took 468 ms (budget 300 ms) → 200
2026-09-24 16:06:14.576 +05:00 [WRN] Slow request: GET /api/catalog/products took 609 ms (budget 300 ms) → 200
2026-09-24 16:06:14.677 +05:00 [WRN] Slow request: GET /api/catalog/products took 388 ms (budget 300 ms) → 200
2026-09-24 16:06:14.725 +05:00 [WRN] Slow request: GET /api/catalog/products took 613 ms (budget 300 ms) → 200
2026-09-24 16:06:14.738 +05:00 [WRN] Slow request: GET /api/catalog/products took 547 ms (budget 300 ms) → 200
2026-09-24 16:06:14.763 +05:00 [WRN] Slow request: GET /api/catalog/products took 346 ms (budget 300 ms) → 200
2026-09-24 16:06:14.921 +05:00 [WRN] Slow request: GET /api/catalog/products took 539 ms (budget 300 ms) → 200
2026-09-24 16:06:14.921 +05:00 [WRN] Slow request: GET /api/catalog/products took 569 ms (budget 300 ms) → 200
2026-09-24 16:06:14.962 +05:00 [WRN] Slow request: GET /api/catalog/products took 349 ms (budget 300 ms) → 200
2026-09-24 16:06:15.052 +05:00 [WRN] Slow request: GET /api/catalog/products took 670 ms (budget 300 ms) → 200
2026-09-24 16:06:15.072 +05:00 [WRN] Slow request: GET /api/catalog/products took 315 ms (budget 300 ms) → 200
2026-09-24 16:06:15.151 +05:00 [WRN] Slow request: GET /api/catalog/products took 363 ms (budget 300 ms) → 200
2026-09-24 16:06:15.178 +05:00 [WRN] Slow request: GET /api/catalog/products took 531 ms (budget 300 ms) → 200
2026-09-24 16:06:15.186 +05:00 [WRN] Slow request: GET /api/catalog/suggest took 365 ms (budget 300 ms) → 200
2026-09-24 16:06:15.201 +05:00 [WRN] Slow request: GET /api/catalog/products took 408 ms (budget 300 ms) → 200
2026-09-24 16:06:15.211 +05:00 [WRN] Slow request: GET /api/catalog/products took 408 ms (budget 300 ms) → 200
2026-09-24 16:06:15.252 +05:00 [WRN] Slow request: GET /api/catalog/products took 437 ms (budget 300 ms) → 200
2026-09-24 16:06:15.285 +05:00 [WRN] Slow request: GET /api/catalog/products took 654 ms (budget 300 ms) → 200
2026-09-24 16:06:15.293 +05:00 [WRN] Slow request: GET /api/catalog/products took 762 ms (budget 300 ms) → 200
2026-09-24 16:06:15.303 +05:00 [WRN] Slow request: GET /api/catalog/products took 453 ms (budget 300 ms) → 200
2026-09-24 16:06:15.315 +05:00 [WRN] Slow request: GET /api/catalog/products took 481 ms (budget 300 ms) → 200
2026-09-24 16:06:15.326 +05:00 [WRN] Slow request: GET /api/catalog/suggest took 396 ms (budget 300 ms) → 200
2026-09-24 16:06:15.337 +05:00 [WRN] Slow request: GET /api/catalog/suggest took 353 ms (budget 300 ms) → 200
2026-09-24 16:06:15.342 +05:00 [WRN] Slow request: GET /api/catalog/products took 758 ms (budget 300 ms) → 200
2026-09-24 16:06:15.417 +05:00 [WRN] Slow request: GET /api/catalog/products took 656 ms (budget 300 ms) → 200
2026-09-24 16:06:15.442 +05:00 [WRN] Slow request: GET /api/catalog/products took 700 ms (budget 300 ms) → 200
2026-09-24 16:06:15.443 +05:00 [WRN] Slow request: GET /api/catalog/products took 664 ms (budget 300 ms) → 200
2026-09-24 16:06:15.592 +05:00 [WRN] Slow request: GET /api/catalog/products took 631 ms (budget 300 ms) → 200
2026-09-24 16:06:15.599 +05:00 [WRN] Slow request: GET /api/catalog/products took 308 ms (budget 300 ms) → 200
2026-09-24 16:06:15.615 +05:00 [WRN] Slow request: GET /api/catalog/products took 689 ms (budget 300 ms) → 200
2026-09-24 16:06:15.645 +05:00 [WRN] Slow request: GET /api/catalog/products took 572 ms (budget 300 ms) → 200
2026-09-24 16:06:15.655 +05:00 [WRN] Slow request: GET /api/catalog/products took 561 ms (budget 300 ms) → 200
2026-09-24 16:06:15.693 +05:00 [WRN] Slow request: GET /api/catalog/products took 525 ms (budget 300 ms) → 200
2026-09-24 16:06:15.699 +05:00 [WRN] Slow request: GET /api/catalog/products took 331 ms (budget 300 ms) → 200
2026-09-24 16:06:15.710 +05:00 [WRN] Slow request: GET /api/catalog/products took 333 ms (budget 300 ms) → 200
2026-09-24 16:06:15.823 +05:00 [WRN] Slow request: GET /api/catalog/products took 557 ms (budget 300 ms) → 200
2026-09-24 16:06:15.856 +05:00 [WRN] Slow request: GET /api/catalog/products took 558 ms (budget 300 ms) → 200
2026-09-24 16:06:15.874 +05:00 [WRN] Slow request: GET /api/catalog/products took 683 ms (budget 300 ms) → 200
2026-09-24 16:06:15.929 +05:00 [WRN] Slow request: GET /api/catalog/products took 334 ms (budget 300 ms) → 200
2026-09-24 16:06:16.011 +05:00 [WRN] Slow request: GET /api/catalog/products took 339 ms (budget 300 ms) → 200
2026-09-24 16:06:16.018 +05:00 [WRN] Slow request: GET /api/catalog/products took 334 ms (budget 300 ms) → 200
2026-09-24 16:06:16.077 +05:00 [WRN] Slow request: GET /api/catalog/products took 517 ms (budget 300 ms) → 200
2026-09-24 16:06:16.125 +05:00 [WRN] Slow request: GET /api/catalog/products took 613 ms (budget 300 ms) → 200
2026-09-24 16:06:16.154 +05:00 [WRN] Slow request: GET /api/catalog/products took 492 ms (budget 300 ms) → 200
2026-09-24 16:06:16.162 +05:00 [WRN] Slow request: GET /api/catalog/products took 539 ms (budget 300 ms) → 200
2026-09-24 16:06:16.165 +05:00 [WRN] Slow request: GET /api/catalog/products took 511 ms (budget 300 ms) → 200
2026-09-24 16:06:16.174 +05:00 [WRN] Slow request: GET /api/catalog/products took 345 ms (budget 300 ms) → 200
2026-09-24 16:06:16.234 +05:00 [WRN] Slow request: GET /api/catalog/products took 472 ms (budget 300 ms) → 200
2026-09-24 16:06:16.352 +05:00 [WRN] Slow request: GET /api/catalog/products took 640 ms (budget 300 ms) → 200
2026-09-24 16:06:16.380 +05:00 [WRN] Slow request: GET /api/catalog/products took 500 ms (budget 300 ms) → 200
2026-09-24 16:06:16.459 +05:00 [WRN] Slow request: GET /api/catalog/products took 665 ms (budget 300 ms) → 200
2026-09-24 16:06:16.461 +05:00 [WRN] Slow request: GET /api/catalog/products took 322 ms (budget 300 ms) → 200
2026-09-24 16:06:16.468 +05:00 [WRN] Slow request: GET /api/catalog/products took 533 ms (budget 300 ms) → 200
2026-09-24 16:06:16.469 +05:00 [WRN] Slow request: GET /api/catalog/products took 550 ms (budget 300 ms) → 200
2026-09-24 16:06:16.478 +05:00 [WRN] Slow request: GET /api/catalog/products took 528 ms (budget 300 ms) → 200
2026-09-24 16:06:16.498 +05:00 [WRN] Slow request: GET /api/catalog/products took 322 ms (budget 300 ms) → 200
2026-09-24 16:06:16.530 +05:00 [WRN] Slow request: GET /api/catalog/products took 344 ms (budget 300 ms) → 200
2026-09-24 16:06:16.614 +05:00 [WRN] Slow request: GET /api/catalog/products took 594 ms (budget 300 ms) → 200
2026-09-24 16:06:16.715 +05:00 [WRN] Slow request: GET /api/catalog/products took 681 ms (budget 300 ms) → 200
2026-09-24 16:06:16.819 +05:00 [WRN] Slow request: GET /api/catalog/products took 643 ms (budget 300 ms) → 200
2026-09-24 16:06:16.877 +05:00 [WRN] Slow request: GET /api/catalog/products took 394 ms (budget 300 ms) → 200
2026-09-24 16:06:16.883 +05:00 [WRN] Slow request: GET /api/catalog/products took 320 ms (budget 300 ms) → 200
2026-09-24 16:06:16.921 +05:00 [WRN] Slow request: GET /api/catalog/products took 657 ms (budget 300 ms) → 200
2026-09-24 16:06:16.930 +05:00 [WRN] Slow request: GET /api/catalog/products took 682 ms (budget 300 ms) → 200
2026-09-24 16:06:16.958 +05:00 [WRN] Slow request: GET /api/catalog/products took 332 ms (budget 300 ms) → 200
2026-09-24 16:06:16.975 +05:00 [WRN] Slow request: GET /api/catalog/products took 538 ms (budget 300 ms) → 200
2026-09-24 16:06:16.985 +05:00 [WRN] Slow request: GET /api/catalog/products took 504 ms (budget 300 ms) → 200
2026-09-24 16:06:17.007 +05:00 [WRN] Slow request: GET /api/catalog/products took 382 ms (budget 300 ms) → 200
2026-09-24 16:06:17.065 +05:00 [WRN] Slow request: GET /api/catalog/products took 694 ms (budget 300 ms) → 200
2026-09-24 16:06:17.076 +05:00 [WRN] Slow request: GET /api/catalog/products took 302 ms (budget 300 ms) → 200
2026-09-24 16:06:17.134 +05:00 [WRN] Slow request: GET /api/catalog/products took 398 ms (budget 300 ms) → 200
2026-09-24 16:06:17.150 +05:00 [WRN] Slow request: GET /api/catalog/products took 680 ms (budget 300 ms) → 200
2026-09-24 16:06:17.168 +05:00 [WRN] Slow request: GET /api/catalog/products took 542 ms (budget 300 ms) → 200
2026-09-24 16:06:17.264 +05:00 [WRN] Slow request: GET /api/catalog/products took 763 ms (budget 300 ms) → 200
2026-09-24 16:06:17.280 +05:00 [WRN] Slow request: GET /api/catalog/products took 469 ms (budget 300 ms) → 200
2026-09-24 16:06:17.307 +05:00 [WRN] Slow request: GET /api/catalog/products took 330 ms (budget 300 ms) → 200
2026-09-24 16:06:17.337 +05:00 [WRN] Slow request: GET /api/catalog/products took 351 ms (budget 300 ms) → 200
2026-09-24 16:06:17.372 +05:00 [WRN] Slow request: GET /api/catalog/products took 549 ms (budget 300 ms) → 200
2026-09-24 16:06:17.393 +05:00 [WRN] Slow request: GET /api/catalog/products took 572 ms (budget 300 ms) → 200
2026-09-24 16:06:17.552 +05:00 [WRN] Slow request: GET /api/catalog/products took 383 ms (budget 300 ms) → 200
2026-09-24 16:06:17.609 +05:00 [WRN] Slow request: GET /api/catalog/products took 357 ms (budget 300 ms) → 200
2026-09-24 16:06:17.614 +05:00 [WRN] Slow request: GET /api/catalog/products took 334 ms (budget 300 ms) → 200
2026-09-24 16:06:17.632 +05:00 [WRN] Slow request: GET /api/catalog/products took 525 ms (budget 300 ms) → 200
2026-09-24 16:06:17.655 +05:00 [WRN] Slow request: GET /api/catalog/products took 633 ms (budget 300 ms) → 200
2026-09-24 16:06:17.667 +05:00 [WRN] Slow request: GET /api/catalog/products took 603 ms (budget 300 ms) → 200
2026-09-24 16:06:17.691 +05:00 [WRN] Slow request: GET /api/catalog/products took 385 ms (budget 300 ms) → 200
2026-09-24 16:06:17.691 +05:00 [WRN] Slow request: GET /api/catalog/products took 611 ms (budget 300 ms) → 200
2026-09-24 16:06:17.706 +05:00 [WRN] Slow request: GET /api/catalog/products took 478 ms (budget 300 ms) → 200
2026-09-24 16:06:17.726 +05:00 [WRN] Slow request: GET /api/catalog/products took 569 ms (budget 300 ms) → 200
2026-09-24 16:06:17.772 +05:00 [WRN] Slow request: GET /api/catalog/products took 543 ms (budget 300 ms) → 200
2026-09-24 16:06:17.812 +05:00 [WRN] Slow request: GET /api/catalog/products took 402 ms (budget 300 ms) → 200
2026-09-24 16:06:17.912 +05:00 [WRN] Slow request: GET /api/catalog/products took 518 ms (budget 300 ms) → 200
2026-09-24 16:06:17.945 +05:00 [WRN] Slow request: GET /api/catalog/products took 633 ms (budget 300 ms) → 200
2026-09-24 16:06:17.957 +05:00 [WRN] Slow request: GET /api/catalog/products took 593 ms (budget 300 ms) → 200
2026-09-24 16:06:17.977 +05:00 [WRN] Slow request: GET /api/catalog/products took 302 ms (budget 300 ms) → 200
2026-09-24 16:06:18.019 +05:00 [WRN] Slow request: GET /api/catalog/products took 321 ms (budget 300 ms) → 200
2026-09-24 16:06:18.027 +05:00 [WRN] Slow request: GET /api/catalog/products took 411 ms (budget 300 ms) → 200
2026-09-24 16:06:18.124 +05:00 [WRN] Slow request: GET /api/catalog/products took 449 ms (budget 300 ms) → 200
2026-09-24 16:06:18.197 +05:00 [WRN] Slow request: GET /api/catalog/products took 436 ms (budget 300 ms) → 200
2026-09-24 16:06:18.218 +05:00 [WRN] Slow request: GET /api/catalog/products took 397 ms (budget 300 ms) → 200
2026-09-24 16:06:18.255 +05:00 [WRN] Slow request: GET /api/catalog/products took 464 ms (budget 300 ms) → 200
2026-09-24 16:06:18.286 +05:00 [WRN] Slow request: GET /api/catalog/products took 650 ms (budget 300 ms) → 200
2026-09-24 16:06:18.327 +05:00 [WRN] Slow request: GET /api/catalog/products took 318 ms (budget 300 ms) → 200
2026-09-24 16:06:18.368 +05:00 [WRN] Slow request: GET /api/catalog/products took 564 ms (budget 300 ms) → 200
2026-09-24 16:06:18.399 +05:00 [WRN] Slow request: GET /api/catalog/products took 500 ms (budget 300 ms) → 200
2026-09-24 16:06:18.405 +05:00 [WRN] Slow request: GET /api/catalog/products took 421 ms (budget 300 ms) → 200
2026-09-24 16:06:18.438 +05:00 [WRN] Slow request: GET /api/catalog/products took 365 ms (budget 300 ms) → 200
2026-09-24 16:06:18.583 +05:00 [WRN] Slow request: GET /api/catalog/products took 640 ms (budget 300 ms) → 200
2026-09-24 16:06:18.630 +05:00 [WRN] Slow request: GET /api/catalog/products took 373 ms (budget 300 ms) → 200
2026-09-24 16:06:18.728 +05:00 [WRN] Slow request: GET /api/catalog/products took 530 ms (budget 300 ms) → 200
2026-09-24 16:06:18.765 +05:00 [WRN] Slow request: GET /api/catalog/products took 494 ms (budget 300 ms) → 200
2026-09-24 16:06:18.797 +05:00 [WRN] Slow request: GET /api/catalog/products took 656 ms (budget 300 ms) → 200
2026-09-24 16:06:18.810 +05:00 [WRN] Slow request: GET /api/catalog/products took 580 ms (budget 300 ms) → 200
2026-09-24 16:06:18.811 +05:00 [WRN] Slow request: GET /api/catalog/products took 657 ms (budget 300 ms) → 200
2026-09-24 16:06:18.832 +05:00 [WRN] Slow request: GET /api/catalog/products took 578 ms (budget 300 ms) → 200
2026-09-24 16:06:18.910 +05:00 [WRN] Slow request: GET /api/catalog/products took 647 ms (budget 300 ms) → 200
2026-09-24 16:06:18.918 +05:00 [WRN] Slow request: GET /api/catalog/products took 328 ms (budget 300 ms) → 200
2026-09-24 16:06:18.966 +05:00 [WRN] Slow request: GET /api/catalog/products took 631 ms (budget 300 ms) → 200
2026-09-24 16:06:18.994 +05:00 [WRN] Slow request: GET /api/catalog/products took 524 ms (budget 300 ms) → 200
2026-09-24 16:06:19.087 +05:00 [WRN] Slow request: GET /api/catalog/products took 641 ms (budget 300 ms) → 200
2026-09-24 16:06:19.117 +05:00 [WRN] Slow request: GET /api/catalog/products took 456 ms (budget 300 ms) → 200
2026-09-24 16:06:19.163 +05:00 [WRN] Slow request: GET /api/catalog/products took 551 ms (budget 300 ms) → 200
2026-09-24 16:06:19.244 +05:00 [WRN] Slow request: GET /api/catalog/products took 521 ms (budget 300 ms) → 200
2026-09-24 16:06:19.271 +05:00 [WRN] Slow request: GET /api/catalog/products took 516 ms (budget 300 ms) → 200
2026-09-24 16:06:19.338 +05:00 [WRN] Slow request: GET /api/catalog/products took 341 ms (budget 300 ms) → 200
2026-09-24 16:06:19.375 +05:00 [WRN] Slow request: GET /api/catalog/products took 547 ms (budget 300 ms) → 200
2026-09-24 16:06:19.391 +05:00 [WRN] Slow request: GET /api/catalog/products took 367 ms (budget 300 ms) → 200
2026-09-24 16:06:19.399 +05:00 [WRN] Slow request: GET /api/catalog/products took 301 ms (budget 300 ms) → 200
2026-09-24 16:06:19.418 +05:00 [WRN] Slow request: GET /api/catalog/products took 495 ms (budget 300 ms) → 200
2026-09-24 16:06:19.425 +05:00 [WRN] Slow request: GET /api/catalog/products took 529 ms (budget 300 ms) → 200
2026-09-24 16:06:19.427 +05:00 [WRN] Slow request: GET /api/catalog/products took 501 ms (budget 300 ms) → 200
2026-09-24 16:06:19.477 +05:00 [WRN] Slow request: GET /api/catalog/products took 504 ms (budget 300 ms) → 200
2026-09-24 16:06:19.496 +05:00 [WRN] Slow request: GET /api/catalog/products took 515 ms (budget 300 ms) → 200
2026-09-24 16:06:19.529 +05:00 [WRN] Slow request: GET /api/catalog/products took 411 ms (budget 300 ms) → 200
2026-09-24 16:06:19.659 +05:00 [WRN] Slow request: GET /api/catalog/products took 303 ms (budget 300 ms) → 200
2026-09-24 16:06:19.709 +05:00 [WRN] Slow request: GET /api/catalog/products took 369 ms (budget 300 ms) → 200
2026-09-24 16:06:19.756 +05:00 [WRN] Slow request: GET /api/catalog/products took 472 ms (budget 300 ms) → 200
2026-09-24 16:06:19.788 +05:00 [WRN] Slow request: GET /api/catalog/products took 506 ms (budget 300 ms) → 200
2026-09-24 16:06:19.806 +05:00 [WRN] Slow request: GET /api/catalog/products took 550 ms (budget 300 ms) → 200
2026-09-24 16:06:19.828 +05:00 [WRN] Slow request: GET /api/catalog/products took 411 ms (budget 300 ms) → 200
2026-09-24 16:06:19.830 +05:00 [WRN] Slow request: GET /api/catalog/products took 422 ms (budget 300 ms) → 200
2026-09-24 16:06:19.860 +05:00 [WRN] Slow request: GET /api/catalog/products took 792 ms (budget 300 ms) → 200
2026-09-24 16:06:19.879 +05:00 [WRN] Slow request: GET /api/catalog/products took 584 ms (budget 300 ms) → 200
2026-09-24 16:06:19.974 +05:00 [WRN] Slow request: GET /api/catalog/products took 691 ms (budget 300 ms) → 200
2026-09-24 16:06:20.016 +05:00 [WRN] Slow request: GET /api/catalog/suggest took 326 ms (budget 300 ms) → 200
2026-09-24 16:06:20.075 +05:00 [WRN] Slow request: GET /api/catalog/products took 676 ms (budget 300 ms) → 200
2026-09-24 16:06:20.087 +05:00 [WRN] Slow request: GET /api/catalog/products took 378 ms (budget 300 ms) → 200
2026-09-24 16:06:20.196 +05:00 [WRN] Slow request: GET /api/catalog/products took 317 ms (budget 300 ms) → 200
2026-09-24 16:06:20.198 +05:00 [WRN] Slow request: GET /api/catalog/products took 457 ms (budget 300 ms) → 200
2026-09-24 16:06:20.201 +05:00 [WRN] Slow request: GET /api/catalog/products took 775 ms (budget 300 ms) → 200
2026-09-24 16:06:20.223 +05:00 [WRN] Slow request: GET /api/catalog/products took 465 ms (budget 300 ms) → 200
2026-09-24 16:06:20.228 +05:00 [WRN] Slow request: GET /api/catalog/products took 567 ms (budget 300 ms) → 200
2026-09-24 16:06:20.236 +05:00 [WRN] Slow request: GET /api/catalog/products took 738 ms (budget 300 ms) → 200
2026-09-24 16:06:20.241 +05:00 [WRN] Slow request: GET /api/catalog/products took 353 ms (budget 300 ms) → 200
2026-09-24 16:06:20.251 +05:00 [WRN] Slow request: GET /api/catalog/products took 416 ms (budget 300 ms) → 200
2026-09-24 16:06:20.254 +05:00 [WRN] Slow request: GET /api/catalog/products took 551 ms (budget 300 ms) → 200
2026-09-24 16:06:20.255 +05:00 [WRN] Slow request: GET /api/catalog/products took 529 ms (budget 300 ms) → 200
2026-09-24 16:06:20.272 +05:00 [WRN] Slow request: GET /api/catalog/products took 376 ms (budget 300 ms) → 200
2026-09-24 16:06:20.308 +05:00 [WRN] Slow request: GET /api/catalog/products took 779 ms (budget 300 ms) → 200
2026-09-24 16:06:20.409 +05:00 [WRN] Slow request: GET /api/catalog/products took 689 ms (budget 300 ms) → 200
2026-09-24 16:06:20.441 +05:00 [WRN] Slow request: GET /api/catalog/products took 576 ms (budget 300 ms) → 200
2026-09-24 16:06:20.546 +05:00 [WRN] Slow request: GET /api/catalog/products took 397 ms (budget 300 ms) → 200
2026-09-24 16:06:20.553 +05:00 [WRN] Slow request: GET /api/catalog/products took 340 ms (budget 300 ms) → 200
2026-09-24 16:06:20.572 +05:00 [WRN] Slow request: GET /api/catalog/products took 532 ms (budget 300 ms) → 200
2026-09-24 16:06:20.575 +05:00 [WRN] Slow request: GET /api/catalog/products took 320 ms (budget 300 ms) → 200
2026-09-24 16:06:20.656 +05:00 [WRN] Slow request: GET /api/catalog/products took 568 ms (budget 300 ms) → 200
2026-09-24 16:06:20.664 +05:00 [WRN] Slow request: GET /api/catalog/products took 357 ms (budget 300 ms) → 200
2026-09-24 16:06:20.700 +05:00 [WRN] Slow request: GET /api/catalog/products took 366 ms (budget 300 ms) → 200
2026-09-24 16:06:20.724 +05:00 [WRN] Slow request: GET /api/catalog/products took 525 ms (budget 300 ms) → 200
2026-09-24 16:06:20.732 +05:00 [WRN] Slow request: GET /api/catalog/products took 752 ms (budget 300 ms) → 200
2026-09-24 16:06:20.771 +05:00 [WRN] Slow request: GET /api/catalog/products took 569 ms (budget 300 ms) → 200
2026-09-24 16:06:20.825 +05:00 [WRN] Slow request: GET /api/catalog/products took 584 ms (budget 300 ms) → 200
2026-09-24 16:06:20.840 +05:00 [WRN] Slow request: GET /api/catalog/products took 586 ms (budget 300 ms) → 200
2026-09-24 16:06:20.913 +05:00 [WRN] Slow request: GET /api/catalog/products took 710 ms (budget 300 ms) → 200
2026-09-24 16:06:20.919 +05:00 [WRN] Slow request: GET /api/catalog/products took 338 ms (budget 300 ms) → 200
2026-09-24 16:06:20.941 +05:00 [WRN] Slow request: GET /api/catalog/products took 529 ms (budget 300 ms) → 200
2026-09-24 16:06:21.033 +05:00 [WRN] Slow request: GET /api/catalog/products took 630 ms (budget 300 ms) → 200
2026-09-24 16:06:21.068 +05:00 [WRN] Slow request: GET /api/catalog/products took 750 ms (budget 300 ms) → 200
2026-09-24 16:06:21.076 +05:00 [WRN] Slow request: GET /api/catalog/products took 343 ms (budget 300 ms) → 200
2026-09-24 16:06:21.135 +05:00 [WRN] Slow request: GET /api/catalog/products took 458 ms (budget 300 ms) → 200
2026-09-24 16:06:21.209 +05:00 [WRN] Slow request: GET /api/catalog/suggest took 426 ms (budget 300 ms) → 200
2026-09-24 16:06:21.211 +05:00 [WRN] Slow request: GET /api/catalog/products took 381 ms (budget 300 ms) → 200
2026-09-24 16:06:21.290 +05:00 [WRN] Slow request: GET /api/catalog/products took 794 ms (budget 300 ms) → 200
2026-09-24 16:06:21.326 +05:00 [WRN] Slow request: GET /api/catalog/products took 482 ms (budget 300 ms) → 200
2026-09-24 16:06:21.356 +05:00 [WRN] Slow request: GET /api/catalog/products took 690 ms (budget 300 ms) → 200
2026-09-24 16:06:21.364 +05:00 [WRN] Slow request: GET /api/catalog/suggest took 408 ms (budget 300 ms) → 200
2026-09-24 16:06:21.366 +05:00 [WRN] Slow request: GET /api/catalog/products took 445 ms (budget 300 ms) → 200
2026-09-24 16:06:21.386 +05:00 [WRN] Slow request: GET /api/catalog/products took 445 ms (budget 300 ms) → 200
2026-09-24 16:06:21.416 +05:00 [WRN] Slow request: GET /api/catalog/products took 811 ms (budget 300 ms) → 200
2026-09-24 16:06:21.485 +05:00 [WRN] Slow request: GET /api/catalog/products took 871 ms (budget 300 ms) → 200
2026-09-24 16:06:21.487 +05:00 [WRN] Slow request: GET /api/catalog/products took 785 ms (budget 300 ms) → 200
2026-09-24 16:06:21.547 +05:00 [WRN] Slow request: GET /api/catalog/products took 975 ms (budget 300 ms) → 200
2026-09-24 16:06:21.581 +05:00 [WRN] Slow request: GET /api/catalog/products took 662 ms (budget 300 ms) → 200
2026-09-24 16:06:21.602 +05:00 [WRN] Slow request: GET /api/catalog/products took 524 ms (budget 300 ms) → 200
2026-09-24 16:06:21.604 +05:00 [WRN] Slow request: GET /api/catalog/products took 533 ms (budget 300 ms) → 200
2026-09-24 16:06:21.606 +05:00 [WRN] Slow request: GET /api/catalog/products took 352 ms (budget 300 ms) → 200
2026-09-24 16:06:21.643 +05:00 [WRN] Slow request: GET /api/catalog/products took 940 ms (budget 300 ms) → 200
2026-09-24 16:06:21.732 +05:00 [WRN] Slow request: GET /api/catalog/products took 336 ms (budget 300 ms) → 200
2026-09-24 16:06:21.792 +05:00 [WRN] Slow request: GET /api/catalog/products took 367 ms (budget 300 ms) → 200
2026-09-24 16:06:21.806 +05:00 [WRN] Slow request: GET /api/catalog/products took 319 ms (budget 300 ms) → 200
2026-09-24 16:06:21.814 +05:00 [WRN] Slow request: GET /api/catalog/suggest took 311 ms (budget 300 ms) → 200
2026-09-24 16:06:21.954 +05:00 [WRN] Slow request: GET /api/catalog/products took 636 ms (budget 300 ms) → 200
2026-09-24 16:06:21.995 +05:00 [WRN] Slow request: GET /api/catalog/products took 743 ms (budget 300 ms) → 200
2026-09-24 16:06:22.031 +05:00 [WRN] Slow request: GET /api/catalog/products took 961 ms (budget 300 ms) → 200
2026-09-24 16:06:22.066 +05:00 [WRN] Slow request: GET /api/catalog/products took 697 ms (budget 300 ms) → 200
2026-09-24 16:06:22.090 +05:00 [WRN] Slow request: GET /api/catalog/products took 352 ms (budget 300 ms) → 200
2026-09-24 16:06:22.102 +05:00 [WRN] Slow request: GET /api/catalog/products took 478 ms (budget 300 ms) → 200
2026-09-24 16:06:22.119 +05:00 [WRN] Slow request: GET /api/catalog/products took 503 ms (budget 300 ms) → 200
2026-09-24 16:06:22.120 +05:00 [WRN] Slow request: GET /api/catalog/products took 988 ms (budget 300 ms) → 200
2026-09-24 16:06:22.154 +05:00 [WRN] Slow request: GET /api/catalog/products took 665 ms (budget 300 ms) → 200
2026-09-24 16:06:22.173 +05:00 [WRN] Slow request: GET /api/catalog/products took 513 ms (budget 300 ms) → 200
2026-09-24 16:06:22.218 +05:00 [WRN] Slow request: GET /api/catalog/products took 399 ms (budget 300 ms) → 200
2026-09-24 16:06:22.239 +05:00 [WRN] Slow request: GET /api/catalog/products took 421 ms (budget 300 ms) → 200
2026-09-24 16:06:22.251 +05:00 [WRN] Slow request: GET /api/catalog/products took 825 ms (budget 300 ms) → 200
2026-09-24 16:06:22.258 +05:00 [WRN] Slow request: GET /api/catalog/products took 671 ms (budget 300 ms) → 200
2026-09-24 16:06:22.275 +05:00 [WRN] Slow request: GET /api/catalog/products took 538 ms (budget 300 ms) → 200
2026-09-24 16:06:22.283 +05:00 [WRN] Slow request: GET /api/catalog/products took 724 ms (budget 300 ms) → 200
2026-09-24 16:06:22.377 +05:00 [WRN] Slow request: GET /api/catalog/products took 521 ms (budget 300 ms) → 200
2026-09-24 16:06:22.383 +05:00 [WRN] Slow request: GET /api/catalog/products took 650 ms (budget 300 ms) → 200
2026-09-24 16:06:22.460 +05:00 [WRN] Slow request: GET /api/catalog/products took 642 ms (budget 300 ms) → 200
2026-09-24 16:07:39.745 +05:00 [WRN] Entity 'Product' has a global query filter defined and is the required end of a relationship with the entity 'ProductImage'. This may lead to unexpected results when the required entity is filtered out. Either configure the navigation as optional, or define matching query filters for both entities in the navigation. See https://go.microsoft.com/fwlink/?linkid=2131316 for more information.
2026-09-24 16:07:39.809 +05:00 [WRN] Entity 'Product' has a global query filter defined and is the required end of a relationship with the entity 'ProductOption'. This may lead to unexpected results when the required entity is filtered out. Either configure the navigation as optional, or define matching query filters for both entities in the navigation. See https://go.microsoft.com/fwlink/?linkid=2131316 for more information.
2026-09-24 16:07:39.810 +05:00 [WRN] Entity 'Product' has a global query filter defined and is the required end of a relationship with the entity 'ProductTag'. This may lead to unexpected results when the required entity is filtered out. Either configure the navigation as optional, or define matching query filters for both entities in the navigation. See https://go.microsoft.com/fwlink/?linkid=2131316 for more information.
2026-09-24 16:07:39.810 +05:00 [WRN] Entity 'Product' has a global query filter defined and is the required end of a relationship with the entity 'ProductVariant'. This may lead to unexpected results when the required entity is filtered out. Either configure the navigation as optional, or define matching query filters for both entities in the navigation. See https://go.microsoft.com/fwlink/?linkid=2131316 for more information.
2026-09-24 16:07:41.301 +05:00 [INF] Acquiring an exclusive lock for migration application. See https://aka.ms/efcore-docs-migrations-lock for more information if this takes too long.
2026-09-24 16:07:41.589 +05:00 [INF] No migrations were applied. The database is already up to date.
2026-09-24 16:07:42.900 +05:00 [INF] Catalogue already seeded; skipping
2026-09-24 16:07:43.025 +05:00 [INF] Now listening on: http://localhost:5080
2026-09-24 16:07:43.025 +05:00 [INF] Application started. Press Ctrl+C to shut down.
2026-09-24 16:07:43.026 +05:00 [INF] Hosting environment: Development
2026-09-24 16:07:43.026 +05:00 [INF] Content root path: D:\Projects\Store\src\Store.Api
2026-09-24 16:07:52.435 +05:00 [WRN] Failed to determine the https port for redirect.
2026-09-24 16:07:54.539 +05:00 [WRN] Slow request: GET /health took 2106 ms (budget 300 ms) → 200
2026-09-24 16:08:02.243 +05:00 [WRN] Slow request: GET /api/catalog/products took 423 ms (budget 300 ms) → 200
2026-09-24 16:08:02.557 +05:00 [WRN] The query uses the 'First'/'FirstOrDefault' operator without 'OrderBy' and filter operators. This may lead to unpredictable results.
2026-09-24 16:08:03.270 +05:00 [WRN] Compiling a query which loads related collections for more than one collection navigation, either via 'Include' or through projection, but no 'QuerySplittingBehavior' has been configured. By default, Entity Framework will use 'QuerySplittingBehavior.SingleQuery', which can potentially result in slow query performance. See https://go.microsoft.com/fwlink/?linkid=2134277 for more information. To identify the query that's triggering this warning call 'ConfigureWarnings(w => w.Throw(RelationalEventId.MultipleCollectionIncludeWarning))'.
2026-09-24 16:08:03.488 +05:00 [WRN] Slow request: GET /api/catalog/products/tata-green-tea-bags took 321 ms (budget 300 ms) → 200
2026-09-24 16:08:04.211 +05:00 [WRN] Slow request: GET /api/catalog/products/tata-green-tea-bags took 320 ms (budget 300 ms) → 200
2026-09-24 16:08:04.219 +05:00 [WRN] Slow request: GET /api/catalog/suggest took 330 ms (budget 300 ms) → 200
2026-09-24 16:08:04.227 +05:00 [WRN] Slow request: GET /api/catalog/products took 337 ms (budget 300 ms) → 200
2026-09-24 16:08:04.276 +05:00 [WRN] Slow request: GET /api/catalog/products/tata-green-tea-bags took 385 ms (budget 300 ms) → 200
2026-09-24 16:08:04.326 +05:00 [WRN] Slow request: GET /api/catalog/products took 432 ms (budget 300 ms) → 200
2026-09-24 16:08:04.398 +05:00 [WRN] Slow request: GET /api/catalog/products/tata-green-tea-bags took 504 ms (budget 300 ms) → 200
2026-09-24 16:08:04.401 +05:00 [WRN] Slow request: GET /api/storefront/bootstrap took 505 ms (budget 300 ms) → 200
2026-09-24 16:08:04.403 +05:00 [WRN] Slow request: GET /api/catalog/suggest took 510 ms (budget 300 ms) → 200
2026-09-24 16:08:04.403 +05:00 [WRN] Slow request: GET /api/catalog/products/tata-green-tea-bags took 510 ms (budget 300 ms) → 200
2026-09-24 16:08:04.433 +05:00 [WRN] Slow request: GET /api/catalog/products took 542 ms (budget 300 ms) → 200
2026-09-24 16:08:04.462 +05:00 [WRN] Slow request: GET /api/catalog/products/tata-green-tea-bags took 432 ms (budget 300 ms) → 200
2026-09-24 16:08:04.501 +05:00 [WRN] Slow request: GET /api/catalog/suggest took 606 ms (budget 300 ms) → 200
2026-09-24 16:08:04.593 +05:00 [WRN] Slow request: GET /api/catalog/products took 704 ms (budget 300 ms) → 200
2026-09-24 16:08:04.602 +05:00 [WRN] Slow request: GET /api/storefront/bootstrap took 320 ms (budget 300 ms) → 200
2026-09-24 16:08:04.604 +05:00 [WRN] Slow request: GET /api/catalog/products took 367 ms (budget 300 ms) → 200
2026-09-24 16:08:04.616 +05:00 [WRN] Slow request: GET /api/catalog/products took 708 ms (budget 300 ms) → 200
2026-09-24 16:08:04.687 +05:00 [WRN] Slow request: GET /api/catalog/products took 437 ms (budget 300 ms) → 200
2026-09-24 16:08:04.690 +05:00 [WRN] Slow request: GET /api/catalog/products took 801 ms (budget 300 ms) → 200
2026-09-24 16:08:04.748 +05:00 [WRN] Slow request: GET /api/catalog/products took 345 ms (budget 300 ms) → 200
2026-09-24 16:08:04.782 +05:00 [WRN] Slow request: GET /api/catalog/products took 369 ms (budget 300 ms) → 200
2026-09-24 16:08:04.784 +05:00 [WRN] Slow request: GET /api/catalog/products took 380 ms (budget 300 ms) → 200
2026-09-24 16:08:04.800 +05:00 [WRN] Slow request: GET /api/catalog/products took 650 ms (budget 300 ms) → 200
2026-09-24 16:08:04.840 +05:00 [WRN] Slow request: GET /api/catalog/products took 904 ms (budget 300 ms) → 200
2026-09-24 16:08:04.863 +05:00 [WRN] Slow request: GET /api/catalog/products took 582 ms (budget 300 ms) → 200
2026-09-24 16:08:04.873 +05:00 [WRN] Slow request: GET /api/storefront/bootstrap took 356 ms (budget 300 ms) → 200
2026-09-24 16:08:04.951 +05:00 [WRN] Slow request: GET /api/catalog/products took 347 ms (budget 300 ms) → 200
2026-09-24 16:08:04.965 +05:00 [WRN] Slow request: GET /api/catalog/products took 542 ms (budget 300 ms) → 200
2026-09-24 16:08:05.036 +05:00 [WRN] Slow request: GET /api/catalog/products took 423 ms (budget 300 ms) → 200
2026-09-24 16:08:05.117 +05:00 [WRN] Slow request: GET /api/catalog/products took 337 ms (budget 300 ms) → 200
2026-09-24 16:08:05.177 +05:00 [WRN] Slow request: GET /api/catalog/products took 458 ms (budget 300 ms) → 200
2026-09-24 16:08:05.237 +05:00 [WRN] Slow request: GET /api/catalog/products took 526 ms (budget 300 ms) → 200
2026-09-24 16:08:05.307 +05:00 [WRN] Slow request: GET /api/catalog/products took 318 ms (budget 300 ms) → 200
2026-09-24 16:08:05.328 +05:00 [WRN] Slow request: GET /api/catalog/products took 886 ms (budget 300 ms) → 200
2026-09-24 16:08:05.335 +05:00 [WRN] Slow request: GET /api/catalog/products took 864 ms (budget 300 ms) → 200
2026-09-24 16:08:05.383 +05:00 [WRN] Slow request: GET /api/catalog/products took 347 ms (budget 300 ms) → 200
2026-09-24 16:08:05.412 +05:00 [WRN] Slow request: GET /api/catalog/products took 538 ms (budget 300 ms) → 200
2026-09-24 16:08:05.439 +05:00 [WRN] Slow request: GET /api/catalog/products took 559 ms (budget 300 ms) → 200
2026-09-24 16:08:05.442 +05:00 [WRN] Slow request: GET /api/catalog/products took 652 ms (budget 300 ms) → 200
2026-09-24 16:08:05.453 +05:00 [WRN] Slow request: GET /api/catalog/products took 323 ms (budget 300 ms) → 200
2026-09-24 16:08:05.491 +05:00 [WRN] Slow request: GET /api/catalog/products took 301 ms (budget 300 ms) → 200
2026-09-24 16:08:05.511 +05:00 [WRN] Slow request: GET /api/catalog/products took 1235 ms (budget 300 ms) → 200
2026-09-24 16:08:05.635 +05:00 [WRN] Slow request: GET /api/catalog/products took 674 ms (budget 300 ms) → 200
2026-09-24 16:08:05.687 +05:00 [WRN] Slow request: GET /api/catalog/products took 623 ms (budget 300 ms) → 200
2026-09-24 16:08:05.718 +05:00 [WRN] Slow request: GET /api/catalog/products took 619 ms (budget 300 ms) → 200
2026-09-24 16:08:05.722 +05:00 [WRN] Slow request: GET /api/catalog/products took 326 ms (budget 300 ms) → 200
2026-09-24 16:08:05.811 +05:00 [WRN] Slow request: GET /api/catalog/products took 306 ms (budget 300 ms) → 200
2026-09-24 16:08:05.814 +05:00 [WRN] Slow request: GET /api/catalog/products took 309 ms (budget 300 ms) → 200
2026-09-24 16:08:05.818 +05:00 [WRN] Slow request: GET /api/catalog/products took 472 ms (budget 300 ms) → 200
2026-09-24 16:08:05.878 +05:00 [WRN] Slow request: GET /api/catalog/products took 691 ms (budget 300 ms) → 200
2026-09-24 16:08:05.879 +05:00 [WRN] Slow request: GET /api/catalog/products took 356 ms (budget 300 ms) → 200
2026-09-24 16:08:05.882 +05:00 [WRN] Slow request: GET /api/catalog/products took 516 ms (budget 300 ms) → 200
2026-09-24 16:08:05.884 +05:00 [WRN] Slow request: GET /api/catalog/products took 571 ms (budget 300 ms) → 200
2026-09-24 16:08:06.047 +05:00 [WRN] Slow request: GET /api/catalog/products took 388 ms (budget 300 ms) → 200
2026-09-24 16:08:06.092 +05:00 [WRN] Slow request: GET /api/catalog/products took 454 ms (budget 300 ms) → 200
2026-09-24 16:08:06.167 +05:00 [WRN] Slow request: GET /api/catalog/products took 534 ms (budget 300 ms) → 200
2026-09-24 16:08:06.175 +05:00 [WRN] Slow request: GET /api/catalog/products took 660 ms (budget 300 ms) → 200
2026-09-24 16:08:06.218 +05:00 [WRN] Slow request: GET /api/catalog/products took 325 ms (budget 300 ms) → 200
2026-09-24 16:08:06.225 +05:00 [WRN] Slow request: GET /api/catalog/products took 325 ms (budget 300 ms) → 200
2026-09-24 16:08:06.228 +05:00 [WRN] Slow request: GET /api/catalog/products took 502 ms (budget 300 ms) → 200
2026-09-24 16:08:06.231 +05:00 [WRN] Slow request: GET /api/catalog/products took 332 ms (budget 300 ms) → 200
2026-09-24 16:08:06.235 +05:00 [WRN] Slow request: GET /api/catalog/products took 696 ms (budget 300 ms) → 200
2026-09-24 16:08:06.342 +05:00 [WRN] Slow request: GET /api/catalog/products took 343 ms (budget 300 ms) → 200
2026-09-24 16:08:06.373 +05:00 [WRN] Slow request: GET /api/catalog/products took 709 ms (budget 300 ms) → 200
2026-09-24 16:08:06.390 +05:00 [WRN] Slow request: GET /api/catalog/products took 393 ms (budget 300 ms) → 200
2026-09-24 16:08:06.523 +05:00 [WRN] Slow request: GET /api/catalog/products took 429 ms (budget 300 ms) → 200
2026-09-24 16:08:06.532 +05:00 [WRN] Slow request: GET /api/catalog/suggest took 302 ms (budget 300 ms) → 200
2026-09-24 16:08:06.540 +05:00 [WRN] Slow request: GET /api/catalog/products took 304 ms (budget 300 ms) → 200
2026-09-24 16:08:06.570 +05:00 [WRN] Slow request: GET /api/catalog/products took 487 ms (budget 300 ms) → 200
2026-09-24 16:08:06.582 +05:00 [WRN] Slow request: GET /api/catalog/products took 763 ms (budget 300 ms) → 200
2026-09-24 16:08:06.611 +05:00 [WRN] Slow request: GET /api/catalog/products took 697 ms (budget 300 ms) → 200
2026-09-24 16:08:06.633 +05:00 [WRN] Slow request: GET /api/catalog/products took 310 ms (budget 300 ms) → 200
2026-09-24 16:08:06.647 +05:00 [WRN] Slow request: GET /api/catalog/products took 577 ms (budget 300 ms) → 200
2026-09-24 16:08:06.676 +05:00 [WRN] Slow request: GET /api/catalog/products took 439 ms (budget 300 ms) → 200
2026-09-24 16:08:06.740 +05:00 [WRN] Slow request: GET /api/catalog/products took 358 ms (budget 300 ms) → 200
2026-09-24 16:08:06.751 +05:00 [WRN] Slow request: GET /api/catalog/products took 371 ms (budget 300 ms) → 200
2026-09-24 16:08:06.771 +05:00 [WRN] Slow request: GET /api/catalog/products took 542 ms (budget 300 ms) → 200
2026-09-24 16:08:06.902 +05:00 [WRN] Slow request: GET /api/catalog/products took 613 ms (budget 300 ms) → 200
2026-09-24 16:08:06.907 +05:00 [WRN] Slow request: GET /api/catalog/products took 593 ms (budget 300 ms) → 200
2026-09-24 16:08:06.918 +05:00 [WRN] Slow request: GET /api/catalog/products took 663 ms (budget 300 ms) → 200
2026-09-24 16:08:06.947 +05:00 [WRN] Slow request: GET /api/catalog/products took 331 ms (budget 300 ms) → 200
2026-09-24 16:08:07.003 +05:00 [WRN] Slow request: GET /api/catalog/products took 340 ms (budget 300 ms) → 200
2026-09-24 16:08:07.043 +05:00 [WRN] Slow request: GET /api/catalog/products took 648 ms (budget 300 ms) → 200
2026-09-24 16:08:07.056 +05:00 [WRN] Slow request: GET /api/catalog/products took 623 ms (budget 300 ms) → 200
2026-09-24 16:08:07.106 +05:00 [WRN] Slow request: GET /api/catalog/products took 551 ms (budget 300 ms) → 200
2026-09-24 16:08:07.224 +05:00 [WRN] Slow request: GET /api/catalog/products took 688 ms (budget 300 ms) → 200
2026-09-24 16:08:07.238 +05:00 [WRN] Slow request: GET /api/catalog/products took 326 ms (budget 300 ms) → 200
2026-09-24 16:08:07.274 +05:00 [WRN] Slow request: GET /api/catalog/products took 636 ms (budget 300 ms) → 200
2026-09-24 16:08:07.275 +05:00 [WRN] Slow request: GET /api/catalog/products took 674 ms (budget 300 ms) → 200
2026-09-24 16:08:07.304 +05:00 [WRN] Slow request: GET /api/catalog/products took 327 ms (budget 300 ms) → 200
2026-09-24 16:08:07.334 +05:00 [WRN] Slow request: GET /api/catalog/products took 532 ms (budget 300 ms) → 200
2026-09-24 16:08:07.337 +05:00 [WRN] Slow request: GET /api/catalog/products took 310 ms (budget 300 ms) → 200
2026-09-24 16:08:07.373 +05:00 [WRN] Slow request: GET /api/catalog/products took 525 ms (budget 300 ms) → 200
2026-09-24 16:08:07.407 +05:00 [WRN] Slow request: GET /api/catalog/products took 335 ms (budget 300 ms) → 200
2026-09-24 16:08:07.436 +05:00 [WRN] Slow request: GET /api/catalog/products took 530 ms (budget 300 ms) → 200
2026-09-24 16:08:07.447 +05:00 [WRN] Slow request: GET /api/catalog/products took 635 ms (budget 300 ms) → 200
2026-09-24 16:08:07.485 +05:00 [WRN] Slow request: GET /api/catalog/products took 301 ms (budget 300 ms) → 200
2026-09-24 16:08:07.537 +05:00 [WRN] Slow request: GET /api/catalog/products took 610 ms (budget 300 ms) → 200
2026-09-24 16:08:07.543 +05:00 [WRN] Slow request: GET /api/catalog/products took 505 ms (budget 300 ms) → 200
2026-09-24 16:08:07.597 +05:00 [WRN] Slow request: GET /api/catalog/products took 507 ms (budget 300 ms) → 200
2026-09-24 16:08:07.672 +05:00 [WRN] Slow request: GET /api/catalog/products took 600 ms (budget 300 ms) → 200
2026-09-24 16:08:07.708 +05:00 [WRN] Slow request: GET /api/catalog/products took 469 ms (budget 300 ms) → 200
2026-09-24 16:08:07.750 +05:00 [WRN] Slow request: GET /api/catalog/products took 492 ms (budget 300 ms) → 200
2026-09-24 16:08:07.789 +05:00 [WRN] Slow request: GET /api/catalog/products took 374 ms (budget 300 ms) → 200
2026-09-24 16:08:07.803 +05:00 [WRN] Slow request: GET /api/catalog/products took 533 ms (budget 300 ms) → 200
2026-09-24 16:08:07.823 +05:00 [WRN] Slow request: GET /api/catalog/products took 474 ms (budget 300 ms) → 200
2026-09-24 16:08:07.847 +05:00 [WRN] Slow request: GET /api/catalog/products took 569 ms (budget 300 ms) → 200
2026-09-24 16:08:07.909 +05:00 [WRN] Slow request: GET /api/catalog/products took 474 ms (budget 300 ms) → 200
2026-09-24 16:08:07.917 +05:00 [WRN] Slow request: GET /api/catalog/products took 440 ms (budget 300 ms) → 200
2026-09-24 16:08:08.037 +05:00 [WRN] Slow request: GET /api/catalog/products took 602 ms (budget 300 ms) → 200
2026-09-24 16:08:08.061 +05:00 [WRN] Slow request: GET /api/catalog/products took 460 ms (budget 300 ms) → 200
2026-09-24 16:08:08.105 +05:00 [WRN] Slow request: GET /api/catalog/products took 440 ms (budget 300 ms) → 200
2026-09-24 16:08:08.108 +05:00 [WRN] Slow request: GET /api/catalog/products took 507 ms (budget 300 ms) → 200
2026-09-24 16:08:08.213 +05:00 [WRN] Slow request: GET /api/catalog/products took 495 ms (budget 300 ms) → 200
2026-09-24 16:08:08.227 +05:00 [WRN] Slow request: GET /api/catalog/products took 545 ms (budget 300 ms) → 200
2026-09-24 16:08:08.239 +05:00 [WRN] Slow request: GET /api/catalog/products took 432 ms (budget 300 ms) → 200
2026-09-24 16:08:08.239 +05:00 [WRN] Slow request: GET /api/catalog/products took 574 ms (budget 300 ms) → 200
2026-09-24 16:08:08.336 +05:00 [WRN] Slow request: GET /api/catalog/products took 419 ms (budget 300 ms) → 200
2026-09-24 16:08:08.410 +05:00 [WRN] Slow request: GET /api/catalog/products took 423 ms (budget 300 ms) → 200
2026-09-24 16:08:08.440 +05:00 [WRN] Slow request: GET /api/catalog/products took 444 ms (budget 300 ms) → 200
2026-09-24 16:08:08.458 +05:00 [WRN] Slow request: GET /api/catalog/products took 525 ms (budget 300 ms) → 200
2026-09-24 16:08:08.466 +05:00 [WRN] Slow request: GET /api/catalog/products took 424 ms (budget 300 ms) → 200
2026-09-24 16:08:08.491 +05:00 [WRN] Slow request: GET /api/catalog/products took 579 ms (budget 300 ms) → 200
2026-09-24 16:08:08.493 +05:00 [WRN] Slow request: GET /api/catalog/products took 315 ms (budget 300 ms) → 200
2026-09-24 16:08:08.509 +05:00 [WRN] Slow request: GET /api/catalog/products took 582 ms (budget 300 ms) → 200
2026-09-24 16:08:08.647 +05:00 [WRN] Slow request: GET /api/catalog/products took 448 ms (budget 300 ms) → 200
2026-09-24 16:08:08.679 +05:00 [WRN] Slow request: GET /api/catalog/products took 369 ms (budget 300 ms) → 200
2026-09-24 16:08:08.752 +05:00 [WRN] Slow request: GET /api/catalog/products took 315 ms (budget 300 ms) → 200
2026-09-24 16:08:08.800 +05:00 [WRN] Slow request: GET /api/catalog/products took 679 ms (budget 300 ms) → 200
2026-09-24 16:08:08.839 +05:00 [WRN] Slow request: GET /api/catalog/products took 324 ms (budget 300 ms) → 200
2026-09-24 16:08:08.889 +05:00 [WRN] Slow request: GET /api/catalog/products took 389 ms (budget 300 ms) → 200
2026-09-24 16:08:08.896 +05:00 [WRN] Slow request: GET /api/catalog/products took 372 ms (budget 300 ms) → 200
2026-09-24 16:08:08.898 +05:00 [WRN] Slow request: GET /api/catalog/products took 408 ms (budget 300 ms) → 200
2026-09-24 16:08:08.915 +05:00 [WRN] Slow request: GET /api/catalog/products took 587 ms (budget 300 ms) → 200
2026-09-24 16:08:08.916 +05:00 [WRN] Slow request: GET /api/catalog/products took 558 ms (budget 300 ms) → 200
2026-09-24 16:08:08.943 +05:00 [WRN] Slow request: GET /api/catalog/products took 548 ms (budget 300 ms) → 200
2026-09-24 16:08:08.960 +05:00 [WRN] Slow request: GET /api/catalog/products took 367 ms (budget 300 ms) → 200
2026-09-24 16:08:09.105 +05:00 [WRN] Slow request: GET /api/catalog/products took 594 ms (budget 300 ms) → 200
2026-09-24 16:08:09.107 +05:00 [WRN] Slow request: GET /api/catalog/products took 531 ms (budget 300 ms) → 200
2026-09-24 16:08:09.119 +05:00 [WRN] Slow request: GET /api/catalog/products took 558 ms (budget 300 ms) → 200
2026-09-24 16:08:09.153 +05:00 [WRN] Slow request: GET /api/catalog/products took 546 ms (budget 300 ms) → 200
2026-09-24 16:08:09.167 +05:00 [WRN] Slow request: GET /api/catalog/products took 679 ms (budget 300 ms) → 200
2026-09-24 16:08:09.198 +05:00 [WRN] Slow request: GET /api/catalog/products took 651 ms (budget 300 ms) → 200
2026-09-24 16:08:09.271 +05:00 [WRN] Slow request: GET /api/catalog/products took 322 ms (budget 300 ms) → 200
2026-09-24 16:08:09.326 +05:00 [WRN] Slow request: GET /api/catalog/products took 351 ms (budget 300 ms) → 200
2026-09-24 16:08:09.334 +05:00 [WRN] Slow request: GET /api/catalog/products took 487 ms (budget 300 ms) → 200
2026-09-24 16:08:09.356 +05:00 [WRN] Slow request: GET /api/catalog/products took 434 ms (budget 300 ms) → 200
2026-09-24 16:08:09.357 +05:00 [WRN] Slow request: GET /api/catalog/products took 340 ms (budget 300 ms) → 200
2026-09-24 16:08:09.362 +05:00 [WRN] Slow request: GET /api/catalog/products took 609 ms (budget 300 ms) → 200
2026-09-24 16:08:09.417 +05:00 [WRN] Slow request: GET /api/catalog/products took 603 ms (budget 300 ms) → 200
2026-09-24 16:08:09.444 +05:00 [WRN] Slow request: GET /api/catalog/products took 481 ms (budget 300 ms) → 200
2026-09-24 16:08:09.484 +05:00 [WRN] Slow request: GET /api/catalog/products took 576 ms (budget 300 ms) → 200
2026-09-24 16:08:09.496 +05:00 [WRN] Slow request: GET /api/catalog/products took 595 ms (budget 300 ms) → 200
2026-09-24 16:08:09.524 +05:00 [WRN] Slow request: GET /api/catalog/products took 569 ms (budget 300 ms) → 200
2026-09-24 16:08:09.533 +05:00 [WRN] Slow request: GET /api/catalog/products took 608 ms (budget 300 ms) → 200
2026-09-24 16:08:09.538 +05:00 [WRN] Slow request: GET /api/catalog/products took 642 ms (budget 300 ms) → 200
2026-09-24 16:08:09.669 +05:00 [WRN] Slow request: GET /api/catalog/products took 539 ms (budget 300 ms) → 200
2026-09-24 16:08:09.682 +05:00 [WRN] Slow request: GET /api/catalog/products took 520 ms (budget 300 ms) → 200
2026-09-24 16:08:09.766 +05:00 [WRN] Slow request: GET /api/catalog/products took 524 ms (budget 300 ms) → 200
2026-09-24 16:08:09.821 +05:00 [WRN] Slow request: GET /api/catalog/products took 373 ms (budget 300 ms) → 200
2026-09-24 16:08:09.841 +05:00 [WRN] Slow request: GET /api/catalog/suggest took 315 ms (budget 300 ms) → 200
2026-09-24 16:08:09.861 +05:00 [WRN] Slow request: GET /api/catalog/products took 532 ms (budget 300 ms) → 200
2026-09-24 16:08:09.872 +05:00 [WRN] Slow request: GET /api/catalog/products took 448 ms (budget 300 ms) → 200
2026-09-24 16:08:09.892 +05:00 [WRN] Slow request: GET /api/catalog/products took 352 ms (budget 300 ms) → 200
2026-09-24 16:08:09.954 +05:00 [WRN] Slow request: GET /api/catalog/products took 562 ms (budget 300 ms) → 200
2026-09-24 16:08:09.963 +05:00 [WRN] Slow request: GET /api/catalog/products took 521 ms (budget 300 ms) → 200
2026-09-24 16:08:10.029 +05:00 [WRN] Slow request: GET /api/catalog/products took 369 ms (budget 300 ms) → 200
2026-09-24 16:08:10.047 +05:00 [WRN] Slow request: GET /api/catalog/products took 584 ms (budget 300 ms) → 200
2026-09-24 16:08:10.081 +05:00 [WRN] Slow request: GET /api/catalog/products took 602 ms (budget 300 ms) → 200
2026-09-24 16:08:10.132 +05:00 [WRN] Slow request: GET /api/catalog/products took 598 ms (budget 300 ms) → 200
2026-09-24 16:08:10.133 +05:00 [WRN] Slow request: GET /api/catalog/products took 621 ms (budget 300 ms) → 200
2026-09-24 16:08:10.144 +05:00 [WRN] Slow request: GET /api/catalog/products took 617 ms (budget 300 ms) → 200
2026-09-24 16:08:10.238 +05:00 [WRN] Slow request: GET /api/catalog/products took 630 ms (budget 300 ms) → 200
2026-09-24 16:08:10.240 +05:00 [WRN] Slow request: GET /api/catalog/products took 599 ms (budget 300 ms) → 200
2026-09-24 16:08:10.351 +05:00 [WRN] Slow request: GET /api/catalog/products took 466 ms (budget 300 ms) → 200
2026-09-24 16:08:10.399 +05:00 [WRN] Slow request: GET /api/catalog/products took 329 ms (budget 300 ms) → 200
2026-09-24 16:08:10.425 +05:00 [WRN] Slow request: GET /api/catalog/products took 655 ms (budget 300 ms) → 200
2026-09-24 16:08:10.448 +05:00 [WRN] Slow request: GET /api/catalog/products took 413 ms (budget 300 ms) → 200
2026-09-24 16:08:10.487 +05:00 [WRN] Slow request: GET /api/catalog/products took 338 ms (budget 300 ms) → 200
2026-09-24 16:08:10.489 +05:00 [WRN] Slow request: GET /api/catalog/products took 321 ms (budget 300 ms) → 200
2026-09-24 16:08:10.508 +05:00 [WRN] Slow request: GET /api/catalog/products took 355 ms (budget 300 ms) → 200
2026-09-24 16:08:10.562 +05:00 [WRN] Slow request: GET /api/catalog/suggest took 315 ms (budget 300 ms) → 200
2026-09-24 16:08:10.595 +05:00 [WRN] Slow request: GET /api/catalog/products took 615 ms (budget 300 ms) → 200
2026-09-24 16:08:10.602 +05:00 [WRN] Slow request: GET /api/catalog/products took 403 ms (budget 300 ms) → 200
2026-09-24 16:08:10.660 +05:00 [WRN] Slow request: GET /api/catalog/products took 572 ms (budget 300 ms) → 200
2026-09-24 16:08:10.696 +05:00 [WRN] Slow request: GET /api/catalog/products took 546 ms (budget 300 ms) → 200
2026-09-24 16:08:10.715 +05:00 [WRN] Slow request: GET /api/catalog/products took 612 ms (budget 300 ms) → 200
2026-09-24 16:08:10.717 +05:00 [WRN] Slow request: GET /api/catalog/products took 573 ms (budget 300 ms) → 200
2026-09-24 16:08:10.832 +05:00 [WRN] Slow request: GET /api/catalog/products took 523 ms (budget 300 ms) → 200
2026-09-24 16:08:10.874 +05:00 [WRN] Slow request: GET /api/catalog/products took 520 ms (budget 300 ms) → 200
2026-09-24 16:08:10.876 +05:00 [WRN] Slow request: GET /api/catalog/products took 301 ms (budget 300 ms) → 200
2026-09-24 16:08:10.925 +05:00 [WRN] Slow request: GET /api/catalog/products took 559 ms (budget 300 ms) → 200
2026-09-24 16:08:10.992 +05:00 [WRN] Slow request: GET /api/catalog/products took 307 ms (budget 300 ms) → 200
2026-09-24 16:08:11.007 +05:00 [WRN] Slow request: GET /api/catalog/products took 492 ms (budget 300 ms) → 200
2026-09-24 16:08:11.059 +05:00 [WRN] Slow request: GET /api/catalog/suggest took 307 ms (budget 300 ms) → 200
2026-09-24 16:08:11.088 +05:00 [WRN] Slow request: GET /api/catalog/products took 396 ms (budget 300 ms) → 200
2026-09-24 16:08:11.098 +05:00 [WRN] Slow request: GET /api/catalog/products took 679 ms (budget 300 ms) → 200
2026-09-24 16:08:11.105 +05:00 [WRN] Slow request: GET /api/catalog/products took 508 ms (budget 300 ms) → 200
2026-09-24 16:08:11.150 +05:00 [WRN] Slow request: GET /api/catalog/products took 574 ms (budget 300 ms) → 200
2026-09-24 16:08:11.181 +05:00 [WRN] Slow request: GET /api/catalog/products took 335 ms (budget 300 ms) → 200
2026-09-24 16:08:11.275 +05:00 [WRN] Slow request: GET /api/catalog/products took 651 ms (budget 300 ms) → 200
2026-09-24 16:08:11.295 +05:00 [WRN] Slow request: GET /api/catalog/products took 391 ms (budget 300 ms) → 200
2026-09-24 16:08:11.391 +05:00 [WRN] Slow request: GET /api/catalog/products took 373 ms (budget 300 ms) → 200
2026-09-24 16:08:11.447 +05:00 [WRN] Slow request: GET /api/catalog/products took 566 ms (budget 300 ms) → 200
2026-09-24 16:08:11.449 +05:00 [WRN] Slow request: GET /api/catalog/products took 715 ms (budget 300 ms) → 200
2026-09-24 16:08:11.457 +05:00 [WRN] Slow request: GET /api/catalog/products took 734 ms (budget 300 ms) → 200
2026-09-24 16:08:11.512 +05:00 [WRN] Slow request: GET /api/catalog/products took 778 ms (budget 300 ms) → 200
2026-09-24 16:08:11.515 +05:00 [WRN] Slow request: GET /api/catalog/products took 436 ms (budget 300 ms) → 200
2026-09-24 16:08:11.562 +05:00 [WRN] Slow request: GET /api/catalog/products took 406 ms (budget 300 ms) → 200
2026-09-24 16:08:11.564 +05:00 [WRN] Slow request: GET /api/catalog/products took 580 ms (budget 300 ms) → 200
2026-09-24 16:08:11.683 +05:00 [WRN] Slow request: GET /api/catalog/products took 543 ms (budget 300 ms) → 200
2026-09-24 16:08:11.698 +05:00 [WRN] Slow request: GET /api/catalog/products took 572 ms (budget 300 ms) → 200
2026-09-24 16:08:11.711 +05:00 [WRN] Slow request: GET /api/catalog/products took 756 ms (budget 300 ms) → 200
2026-09-24 16:08:11.741 +05:00 [WRN] Slow request: GET /api/catalog/products took 729 ms (budget 300 ms) → 200
2026-09-24 16:08:11.745 +05:00 [WRN] Slow request: GET /api/catalog/products took 549 ms (budget 300 ms) → 200
2026-09-24 16:08:11.789 +05:00 [WRN] Slow request: GET /api/catalog/products took 637 ms (budget 300 ms) → 200
2026-09-24 16:08:11.813 +05:00 [WRN] Slow request: GET /api/catalog/products took 629 ms (budget 300 ms) → 200
2026-09-24 16:08:11.821 +05:00 [WRN] Slow request: GET /api/catalog/products took 300 ms (budget 300 ms) → 200
2026-09-24 16:08:11.829 +05:00 [WRN] Slow request: GET /api/catalog/products took 720 ms (budget 300 ms) → 200
2026-09-24 16:08:11.860 +05:00 [WRN] Slow request: GET /api/catalog/products took 351 ms (budget 300 ms) → 200
2026-09-24 16:08:11.865 +05:00 [WRN] Slow request: GET /api/catalog/products took 336 ms (budget 300 ms) → 200
2026-09-24 16:08:11.980 +05:00 [WRN] Slow request: GET /api/catalog/products took 458 ms (budget 300 ms) → 200
2026-09-24 16:08:12.080 +05:00 [WRN] Slow request: GET /api/catalog/products took 505 ms (budget 300 ms) → 200
2026-09-24 16:08:12.114 +05:00 [WRN] Slow request: GET /api/catalog/products took 604 ms (budget 300 ms) → 200
2026-09-24 16:08:12.128 +05:00 [WRN] Slow request: GET /api/catalog/products took 541 ms (budget 300 ms) → 200
2026-09-24 16:08:12.195 +05:00 [WRN] Slow request: GET /api/catalog/products took 424 ms (budget 300 ms) → 200
2026-09-24 16:08:12.206 +05:00 [WRN] Slow request: GET /api/catalog/products took 580 ms (budget 300 ms) → 200
2026-09-24 16:08:12.216 +05:00 [WRN] Slow request: GET /api/catalog/products took 419 ms (budget 300 ms) → 200
2026-09-24 16:08:12.328 +05:00 [WRN] Slow request: GET /api/catalog/products took 503 ms (budget 300 ms) → 200
2026-09-24 16:08:12.333 +05:00 [WRN] Slow request: GET /api/catalog/products took 578 ms (budget 300 ms) → 200
2026-09-24 16:08:12.368 +05:00 [WRN] Slow request: GET /api/catalog/products took 563 ms (budget 300 ms) → 200
2026-09-24 16:08:12.466 +05:00 [WRN] Slow request: GET /api/catalog/products took 511 ms (budget 300 ms) → 200
2026-09-24 16:08:12.480 +05:00 [WRN] Slow request: GET /api/catalog/products took 362 ms (budget 300 ms) → 200
2026-09-24 16:08:12.480 +05:00 [WRN] Slow request: GET /api/catalog/products took 335 ms (budget 300 ms) → 200
2026-09-24 16:08:12.496 +05:00 [WRN] Slow request: GET /api/catalog/products took 573 ms (budget 300 ms) → 200
2026-09-24 16:08:12.556 +05:00 [WRN] Slow request: GET /api/catalog/products took 473 ms (budget 300 ms) → 200
2026-09-24 16:08:12.635 +05:00 [WRN] Slow request: GET /api/catalog/products took 505 ms (budget 300 ms) → 200
2026-09-24 16:08:12.649 +05:00 [WRN] Slow request: GET /api/catalog/products took 545 ms (budget 300 ms) → 200
2026-09-24 16:08:12.682 +05:00 [WRN] Slow request: GET /api/catalog/products took 471 ms (budget 300 ms) → 200
2026-09-24 16:08:12.684 +05:00 [WRN] Slow request: GET /api/catalog/products took 570 ms (budget 300 ms) → 200
2026-09-24 16:08:12.749 +05:00 [WRN] Slow request: GET /api/catalog/products took 529 ms (budget 300 ms) → 200
2026-09-24 16:08:12.750 +05:00 [WRN] Slow request: GET /api/catalog/products took 389 ms (budget 300 ms) → 200
2026-09-24 16:08:12.792 +05:00 [WRN] Slow request: GET /api/catalog/products took 323 ms (budget 300 ms) → 200
2026-09-24 16:08:12.800 +05:00 [WRN] Slow request: GET /api/catalog/products took 400 ms (budget 300 ms) → 200
2026-09-24 16:08:12.809 +05:00 [WRN] Slow request: GET /api/catalog/products took 301 ms (budget 300 ms) → 200
2026-09-24 16:08:12.980 +05:00 [WRN] Slow request: GET /api/catalog/products took 464 ms (budget 300 ms) → 200
2026-09-24 16:08:13.021 +05:00 [WRN] Slow request: GET /api/catalog/products took 702 ms (budget 300 ms) → 200
2026-09-24 16:08:13.045 +05:00 [WRN] Slow request: GET /api/catalog/products took 437 ms (budget 300 ms) → 200
2026-09-24 16:08:13.054 +05:00 [WRN] Slow request: GET /api/catalog/products took 488 ms (budget 300 ms) → 200
2026-09-24 16:08:13.075 +05:00 [WRN] Slow request: GET /api/catalog/products took 432 ms (budget 300 ms) → 200
2026-09-24 16:08:13.157 +05:00 [WRN] Slow request: GET /api/catalog/products took 343 ms (budget 300 ms) → 200
2026-09-24 16:08:13.203 +05:00 [WRN] Slow request: GET /api/catalog/products took 337 ms (budget 300 ms) → 200
2026-09-24 16:08:13.219 +05:00 [WRN] Slow request: GET /api/catalog/products took 486 ms (budget 300 ms) → 200
2026-09-24 16:08:13.242 +05:00 [WRN] Slow request: GET /api/catalog/products took 572 ms (budget 300 ms) → 200
2026-09-24 16:08:13.289 +05:00 [WRN] Slow request: GET /api/catalog/products took 602 ms (budget 300 ms) → 200
2026-09-24 16:08:13.294 +05:00 [WRN] Slow request: GET /api/catalog/products took 490 ms (budget 300 ms) → 200
2026-09-24 16:08:13.310 +05:00 [WRN] Slow request: GET /api/catalog/products took 499 ms (budget 300 ms) → 200
2026-09-24 16:08:13.366 +05:00 [WRN] Slow request: GET /api/catalog/products took 627 ms (budget 300 ms) → 200
2026-09-24 16:08:13.446 +05:00 [WRN] Slow request: GET /api/catalog/products took 442 ms (budget 300 ms) → 200
2026-09-24 16:08:13.465 +05:00 [WRN] Slow request: GET /api/catalog/products took 385 ms (budget 300 ms) → 200
2026-09-24 16:08:13.570 +05:00 [WRN] Slow request: GET /api/catalog/products took 518 ms (budget 300 ms) → 200
2026-09-24 16:08:13.627 +05:00 [WRN] Slow request: GET /api/catalog/products took 418 ms (budget 300 ms) → 200
2026-09-24 16:08:13.689 +05:00 [WRN] Slow request: GET /api/catalog/products took 528 ms (budget 300 ms) → 200
2026-09-24 16:08:13.713 +05:00 [WRN] Slow request: GET /api/catalog/products took 529 ms (budget 300 ms) → 200
2026-09-24 16:08:13.780 +05:00 [WRN] Slow request: GET /api/catalog/products took 491 ms (budget 300 ms) → 200
2026-09-24 16:08:13.799 +05:00 [WRN] Slow request: GET /api/catalog/products took 481 ms (budget 300 ms) → 200
2026-09-24 16:08:13.801 +05:00 [WRN] Slow request: GET /api/catalog/products took 421 ms (budget 300 ms) → 200
2026-09-24 16:08:13.820 +05:00 [WRN] Slow request: GET /api/catalog/products took 431 ms (budget 300 ms) → 200
2026-09-24 16:08:13.829 +05:00 [WRN] Slow request: GET /api/catalog/products took 371 ms (budget 300 ms) → 200
2026-09-24 16:08:13.830 +05:00 [WRN] Slow request: GET /api/catalog/products took 432 ms (budget 300 ms) → 200
2026-09-24 16:08:13.923 +05:00 [WRN] Slow request: GET /api/catalog/products took 409 ms (budget 300 ms) → 200
2026-09-24 16:08:13.985 +05:00 [WRN] Slow request: GET /api/catalog/products took 399 ms (budget 300 ms) → 200
2026-09-24 16:08:14.096 +05:00 [WRN] Slow request: GET /api/catalog/products took 534 ms (budget 300 ms) → 200
2026-09-24 16:08:14.100 +05:00 [WRN] Slow request: GET /api/catalog/products took 530 ms (budget 300 ms) → 200
2026-09-24 16:08:14.147 +05:00 [WRN] Slow request: GET /api/catalog/products took 370 ms (budget 300 ms) → 200
2026-09-24 16:08:14.161 +05:00 [WRN] Slow request: GET /api/catalog/products took 373 ms (budget 300 ms) → 200
2026-09-24 16:08:14.170 +05:00 [WRN] Slow request: GET /api/catalog/products took 421 ms (budget 300 ms) → 200
2026-09-24 16:08:14.191 +05:00 [WRN] Slow request: GET /api/catalog/products took 418 ms (budget 300 ms) → 200
2026-09-24 16:08:14.209 +05:00 [WRN] Slow request: GET /api/catalog/products took 419 ms (budget 300 ms) → 200
2026-09-24 16:08:14.213 +05:00 [WRN] Slow request: GET /api/catalog/products took 379 ms (budget 300 ms) → 200
2026-09-24 16:08:14.270 +05:00 [WRN] Slow request: GET /api/catalog/products took 353 ms (budget 300 ms) → 200
2026-09-24 16:08:14.272 +05:00 [WRN] Slow request: GET /api/catalog/products took 395 ms (budget 300 ms) → 200
2026-09-24 16:08:14.307 +05:00 [WRN] Slow request: GET /api/catalog/products took 498 ms (budget 300 ms) → 200
2026-09-24 16:08:14.371 +05:00 [WRN] Slow request: GET /api/catalog/products took 376 ms (budget 300 ms) → 200
2026-09-24 16:08:14.426 +05:00 [WRN] Slow request: GET /api/catalog/products took 414 ms (budget 300 ms) → 200
2026-09-24 16:08:14.481 +05:00 [WRN] Slow request: GET /api/catalog/products took 501 ms (budget 300 ms) → 200
2026-09-24 16:08:14.582 +05:00 [WRN] Slow request: GET /api/catalog/products took 427 ms (budget 300 ms) → 200
2026-09-24 16:08:14.601 +05:00 [WRN] Slow request: GET /api/catalog/products took 310 ms (budget 300 ms) → 200
2026-09-24 16:08:14.642 +05:00 [WRN] Slow request: GET /api/catalog/products took 473 ms (budget 300 ms) → 200
2026-09-24 16:08:14.699 +05:00 [WRN] Slow request: GET /api/catalog/products took 551 ms (budget 300 ms) → 200
2026-09-24 16:08:14.700 +05:00 [WRN] Slow request: GET /api/catalog/products took 529 ms (budget 300 ms) → 200
2026-09-24 16:08:14.722 +05:00 [WRN] Slow request: GET /api/catalog/products took 521 ms (budget 300 ms) → 200
2026-09-24 16:08:14.747 +05:00 [WRN] Slow request: GET /api/catalog/products took 467 ms (budget 300 ms) → 200
2026-09-24 16:08:14.761 +05:00 [WRN] Slow request: GET /api/catalog/products took 489 ms (budget 300 ms) → 200
2026-09-24 16:08:14.785 +05:00 [WRN] Slow request: GET /api/catalog/products took 518 ms (budget 300 ms) → 200
2026-09-24 16:08:14.828 +05:00 [WRN] Slow request: GET /api/catalog/products took 515 ms (budget 300 ms) → 200
2026-09-24 16:08:14.839 +05:00 [WRN] Slow request: GET /api/catalog/products took 404 ms (budget 300 ms) → 200
2026-09-24 16:08:14.842 +05:00 [WRN] Slow request: GET /api/catalog/products took 407 ms (budget 300 ms) → 200
2026-09-24 16:08:14.853 +05:00 [WRN] Slow request: GET /api/catalog/products took 366 ms (budget 300 ms) → 200
2026-09-24 16:08:14.901 +05:00 [WRN] Slow request: GET /api/catalog/products took 366 ms (budget 300 ms) → 200
2026-09-24 16:08:14.904 +05:00 [WRN] Slow request: GET /api/catalog/products took 373 ms (budget 300 ms) → 200
2026-09-24 16:08:15.045 +05:00 [WRN] Slow request: GET /api/catalog/products took 464 ms (budget 300 ms) → 200
2026-09-24 16:08:15.089 +05:00 [WRN] Slow request: GET /api/catalog/products took 381 ms (budget 300 ms) → 200
2026-09-24 16:08:15.113 +05:00 [WRN] Slow request: GET /api/catalog/products took 309 ms (budget 300 ms) → 200
2026-09-24 16:08:15.115 +05:00 [WRN] Slow request: GET /api/catalog/products took 407 ms (budget 300 ms) → 200
2026-09-24 16:08:15.175 +05:00 [WRN] Slow request: GET /api/catalog/products took 418 ms (budget 300 ms) → 200
2026-09-24 16:08:15.253 +05:00 [WRN] Slow request: GET /api/catalog/products took 467 ms (budget 300 ms) → 200
2026-09-24 16:08:15.254 +05:00 [WRN] Slow request: GET /api/catalog/products took 474 ms (budget 300 ms) → 200
2026-09-24 16:08:15.268 +05:00 [WRN] Slow request: GET /api/catalog/products took 497 ms (budget 300 ms) → 200
2026-09-24 16:08:15.356 +05:00 [WRN] Slow request: GET /api/catalog/products took 453 ms (budget 300 ms) → 200
2026-09-24 16:08:15.381 +05:00 [WRN] Slow request: GET /api/catalog/products took 561 ms (budget 300 ms) → 200
2026-09-24 16:08:15.475 +05:00 [WRN] Slow request: GET /api/catalog/products took 526 ms (budget 300 ms) → 200
2026-09-24 16:08:15.487 +05:00 [WRN] Slow request: GET /api/catalog/products took 577 ms (budget 300 ms) → 200
2026-09-24 16:08:15.508 +05:00 [WRN] Slow request: GET /api/catalog/products took 455 ms (budget 300 ms) → 200
2026-09-24 16:08:15.568 +05:00 [WRN] Slow request: GET /api/catalog/products took 480 ms (budget 300 ms) → 200
2026-09-24 16:08:15.642 +05:00 [WRN] Slow request: GET /api/catalog/products took 406 ms (budget 300 ms) → 200
2026-09-24 16:08:15.698 +05:00 [WRN] Slow request: GET /api/catalog/products took 433 ms (budget 300 ms) → 200
2026-09-24 16:08:15.777 +05:00 [WRN] Slow request: GET /api/catalog/products took 472 ms (budget 300 ms) → 200
2026-09-24 16:08:15.779 +05:00 [WRN] Slow request: GET /api/catalog/products took 449 ms (budget 300 ms) → 200
2026-09-24 16:08:15.800 +05:00 [WRN] Slow request: GET /api/catalog/products took 542 ms (budget 300 ms) → 200
2026-09-24 16:08:15.833 +05:00 [WRN] Slow request: GET /api/catalog/products took 474 ms (budget 300 ms) → 200
2026-09-24 16:08:15.849 +05:00 [WRN] Slow request: GET /api/catalog/products took 519 ms (budget 300 ms) → 200
2026-09-24 16:08:15.861 +05:00 [WRN] Slow request: GET /api/catalog/products took 525 ms (budget 300 ms) → 200
2026-09-24 16:08:15.893 +05:00 [WRN] Slow request: GET /api/catalog/products took 447 ms (budget 300 ms) → 200
2026-09-24 16:08:15.902 +05:00 [WRN] Slow request: GET /api/catalog/products took 356 ms (budget 300 ms) → 200
2026-09-24 16:08:15.933 +05:00 [WRN] Slow request: GET /api/catalog/products took 444 ms (budget 300 ms) → 200
2026-09-24 16:08:15.953 +05:00 [WRN] Slow request: GET /api/catalog/products took 385 ms (budget 300 ms) → 200
2026-09-24 16:08:15.953 +05:00 [WRN] Slow request: GET /api/catalog/products took 323 ms (budget 300 ms) → 200
2026-09-24 16:08:15.975 +05:00 [WRN] Slow request: GET /api/catalog/products took 375 ms (budget 300 ms) → 200
2026-09-24 16:08:45.662 +05:00 [WRN] Slow request: GET /api/catalog/products took 441 ms (budget 300 ms) → 200
2026-09-24 16:08:46.726 +05:00 [WRN] Slow request: GET /api/catalog/products took 397 ms (budget 300 ms) → 200
2026-09-24 16:08:47.888 +05:00 [WRN] Slow request: GET /api/catalog/products took 817 ms (budget 300 ms) → 200
2026-09-24 16:09:09.826 +05:00 [WRN] Slow request: GET /api/catalog/products took 318 ms (budget 300 ms) → 200
2026-09-24 16:09:09.923 +05:00 [WRN] Slow request: GET /api/catalog/products took 416 ms (budget 300 ms) → 200
2026-09-24 16:09:10.537 +05:00 [WRN] Slow request: GET /api/catalog/products took 347 ms (budget 300 ms) → 200
2026-09-24 16:09:10.721 +05:00 [WRN] Slow request: GET /api/catalog/products took 326 ms (budget 300 ms) → 200
2026-09-24 16:09:10.760 +05:00 [WRN] Slow request: GET /api/catalog/products took 421 ms (budget 300 ms) → 200
2026-09-24 16:09:10.873 +05:00 [WRN] Slow request: GET /api/catalog/products took 322 ms (budget 300 ms) → 200
2026-09-24 16:09:11.079 +05:00 [WRN] Slow request: GET /api/catalog/products took 351 ms (budget 300 ms) → 200
2026-09-24 16:09:11.205 +05:00 [WRN] Slow request: GET /api/catalog/products took 427 ms (budget 300 ms) → 200
2026-09-24 16:09:11.465 +05:00 [WRN] Slow request: GET /api/catalog/products took 374 ms (budget 300 ms) → 200
2026-09-24 16:09:11.711 +05:00 [WRN] Slow request: GET /api/catalog/products took 352 ms (budget 300 ms) → 200
2026-09-24 16:09:11.786 +05:00 [WRN] Slow request: GET /api/catalog/products took 318 ms (budget 300 ms) → 200
2026-09-24 16:09:11.943 +05:00 [WRN] Slow request: GET /api/catalog/products took 345 ms (budget 300 ms) → 200
2026-09-24 16:09:12.167 +05:00 [WRN] Slow request: GET /api/catalog/products took 326 ms (budget 300 ms) → 200
2026-09-24 16:09:13.077 +05:00 [WRN] Slow request: GET /api/catalog/products took 313 ms (budget 300 ms) → 200
2026-09-24 16:09:13.487 +05:00 [WRN] Slow request: GET /api/catalog/products took 311 ms (budget 300 ms) → 200
2026-09-24 16:09:13.642 +05:00 [WRN] Slow request: GET /api/catalog/products took 323 ms (budget 300 ms) → 200
2026-09-24 16:09:13.921 +05:00 [WRN] Slow request: GET /api/catalog/products took 303 ms (budget 300 ms) → 200
2026-09-24 16:09:14.558 +05:00 [WRN] Slow request: GET /api/catalog/products took 327 ms (budget 300 ms) → 200
2026-09-24 16:09:14.620 +05:00 [WRN] Slow request: GET /api/catalog/products took 422 ms (budget 300 ms) → 200
2026-09-24 16:09:14.673 +05:00 [WRN] Slow request: GET /api/catalog/products took 346 ms (budget 300 ms) → 200
2026-09-24 16:09:14.754 +05:00 [WRN] Slow request: GET /api/catalog/products took 313 ms (budget 300 ms) → 200
2026-09-24 16:09:14.992 +05:00 [WRN] Slow request: GET /api/catalog/products took 331 ms (budget 300 ms) → 200
2026-09-24 16:09:15.735 +05:00 [WRN] Slow request: GET /api/catalog/products took 326 ms (budget 300 ms) → 200
2026-09-24 16:09:15.785 +05:00 [WRN] Slow request: GET /api/catalog/products took 324 ms (budget 300 ms) → 200
2026-09-24 16:09:15.875 +05:00 [WRN] Slow request: GET /api/catalog/products took 360 ms (budget 300 ms) → 200
2026-09-24 16:09:16.106 +05:00 [WRN] Slow request: GET /api/catalog/products took 372 ms (budget 300 ms) → 200
2026-09-24 16:09:16.124 +05:00 [WRN] Slow request: GET /api/catalog/products took 366 ms (budget 300 ms) → 200
2026-09-24 16:09:16.135 +05:00 [WRN] Slow request: GET /api/catalog/products took 353 ms (budget 300 ms) → 200
2026-09-24 16:09:16.281 +05:00 [WRN] Slow request: GET /api/catalog/products took 476 ms (budget 300 ms) → 200
2026-09-24 16:09:16.378 +05:00 [WRN] Slow request: GET /api/catalog/products took 405 ms (budget 300 ms) → 200
2026-09-24 16:09:16.658 +05:00 [WRN] Slow request: GET /api/catalog/products took 355 ms (budget 300 ms) → 200
2026-09-24 16:09:17.638 +05:00 [WRN] Slow request: GET /api/catalog/products took 327 ms (budget 300 ms) → 200
2026-09-24 16:09:18.007 +05:00 [WRN] Slow request: GET /api/catalog/products took 306 ms (budget 300 ms) → 200
2026-09-24 16:09:18.035 +05:00 [WRN] Slow request: GET /api/catalog/products took 333 ms (budget 300 ms) → 200
2026-09-24 16:09:18.051 +05:00 [WRN] Slow request: GET /api/catalog/products took 311 ms (budget 300 ms) → 200
2026-09-24 16:09:18.201 +05:00 [WRN] Slow request: GET /api/catalog/products took 399 ms (budget 300 ms) → 200
2026-09-24 16:09:18.216 +05:00 [WRN] Slow request: GET /api/catalog/products took 491 ms (budget 300 ms) → 200
2026-09-24 16:09:18.219 +05:00 [WRN] Slow request: GET /api/catalog/products took 501 ms (budget 300 ms) → 200
2026-09-24 16:09:18.276 +05:00 [WRN] Slow request: GET /api/catalog/products took 323 ms (budget 300 ms) → 200
2026-09-24 16:09:18.299 +05:00 [WRN] Slow request: GET /api/catalog/products took 328 ms (budget 300 ms) → 200
2026-09-24 16:09:18.343 +05:00 [WRN] Slow request: GET /api/catalog/products took 459 ms (budget 300 ms) → 200
2026-09-24 16:09:18.389 +05:00 [WRN] Slow request: GET /api/catalog/products took 312 ms (budget 300 ms) → 200
2026-09-24 16:09:18.399 +05:00 [WRN] Slow request: GET /api/catalog/products took 336 ms (budget 300 ms) → 200
2026-09-24 16:09:18.533 +05:00 [WRN] Slow request: GET /api/catalog/products took 506 ms (budget 300 ms) → 200
2026-09-24 16:09:18.692 +05:00 [WRN] Slow request: GET /api/catalog/products took 435 ms (budget 300 ms) → 200
2026-09-24 16:09:18.693 +05:00 [WRN] Slow request: GET /api/catalog/products took 472 ms (budget 300 ms) → 200
2026-09-24 16:09:18.723 +05:00 [WRN] Slow request: GET /api/catalog/products took 310 ms (budget 300 ms) → 200
2026-09-24 16:09:18.736 +05:00 [WRN] Slow request: GET /api/catalog/products took 355 ms (budget 300 ms) → 200
2026-09-24 16:09:18.771 +05:00 [WRN] Slow request: GET /api/catalog/products took 571 ms (budget 300 ms) → 200
2026-09-24 16:09:18.777 +05:00 [WRN] Slow request: GET /api/catalog/products took 427 ms (budget 300 ms) → 200
2026-09-24 16:09:18.825 +05:00 [WRN] Slow request: GET /api/catalog/products took 347 ms (budget 300 ms) → 200
2026-09-24 16:09:18.840 +05:00 [WRN] Slow request: GET /api/catalog/products took 357 ms (budget 300 ms) → 200
2026-09-24 16:09:18.852 +05:00 [WRN] Slow request: GET /api/catalog/products took 347 ms (budget 300 ms) → 200
2026-09-24 16:09:18.854 +05:00 [WRN] Slow request: GET /api/catalog/suggest took 311 ms (budget 300 ms) → 200
2026-09-24 16:09:18.869 +05:00 [WRN] Slow request: GET /api/catalog/suggest took 353 ms (budget 300 ms) → 200
2026-09-24 16:09:18.873 +05:00 [WRN] Slow request: GET /api/catalog/products took 448 ms (budget 300 ms) → 200
2026-09-24 16:09:18.899 +05:00 [WRN] Slow request: GET /api/catalog/products took 357 ms (budget 300 ms) → 200
2026-09-24 16:09:18.904 +05:00 [WRN] Slow request: GET /api/catalog/products took 450 ms (budget 300 ms) → 200
2026-09-24 16:09:18.909 +05:00 [WRN] Slow request: GET /api/catalog/products took 505 ms (budget 300 ms) → 200
2026-09-24 16:09:18.973 +05:00 [WRN] Slow request: GET /api/catalog/products took 415 ms (budget 300 ms) → 200
2026-09-24 16:09:19.009 +05:00 [WRN] Slow request: GET /api/catalog/products took 304 ms (budget 300 ms) → 200
2026-09-24 16:09:19.182 +05:00 [WRN] Slow request: GET /api/catalog/products took 307 ms (budget 300 ms) → 200
2026-09-24 16:09:19.219 +05:00 [WRN] Slow request: GET /api/catalog/products took 732 ms (budget 300 ms) → 200
2026-09-24 16:09:19.277 +05:00 [WRN] Slow request: GET /api/catalog/products took 318 ms (budget 300 ms) → 200
2026-09-24 16:09:19.286 +05:00 [WRN] Slow request: GET /api/catalog/products took 549 ms (budget 300 ms) → 200
2026-09-24 16:09:19.289 +05:00 [WRN] Slow request: GET /api/catalog/products took 425 ms (budget 300 ms) → 200
2026-09-24 16:09:19.310 +05:00 [WRN] Slow request: GET /api/catalog/products took 401 ms (budget 300 ms) → 200
2026-09-24 16:09:19.343 +05:00 [WRN] Slow request: GET /api/catalog/products took 419 ms (budget 300 ms) → 200
2026-09-24 16:09:19.389 +05:00 [WRN] Slow request: GET /api/catalog/products took 388 ms (budget 300 ms) → 200
2026-09-24 16:09:19.408 +05:00 [WRN] Slow request: GET /api/catalog/products took 615 ms (budget 300 ms) → 200
2026-09-24 16:09:19.428 +05:00 [WRN] Slow request: GET /api/catalog/products took 377 ms (budget 300 ms) → 200
2026-09-24 16:09:19.440 +05:00 [WRN] Slow request: GET /api/catalog/products took 540 ms (budget 300 ms) → 200
2026-09-24 16:09:19.473 +05:00 [WRN] Slow request: GET /api/catalog/products took 441 ms (budget 300 ms) → 200
2026-09-24 16:09:19.489 +05:00 [WRN] Slow request: GET /api/catalog/products took 391 ms (budget 300 ms) → 200
2026-09-24 16:09:19.525 +05:00 [WRN] Slow request: GET /api/catalog/products took 302 ms (budget 300 ms) → 200
2026-09-24 16:09:19.539 +05:00 [WRN] Slow request: GET /api/catalog/products took 403 ms (budget 300 ms) → 200
2026-09-24 16:09:19.542 +05:00 [WRN] Slow request: GET /api/catalog/products took 352 ms (budget 300 ms) → 200
2026-09-24 16:09:19.557 +05:00 [WRN] Slow request: GET /api/catalog/products took 583 ms (budget 300 ms) → 200
2026-09-24 16:09:19.588 +05:00 [WRN] Slow request: GET /api/catalog/products took 344 ms (budget 300 ms) → 200
2026-09-24 16:09:19.594 +05:00 [WRN] Slow request: GET /api/catalog/products took 412 ms (budget 300 ms) → 200
2026-09-24 16:09:19.657 +05:00 [WRN] Slow request: GET /api/catalog/products took 301 ms (budget 300 ms) → 200
2026-09-24 16:09:19.771 +05:00 [WRN] Slow request: GET /api/catalog/products took 315 ms (budget 300 ms) → 200
2026-09-24 16:09:19.773 +05:00 [WRN] Slow request: GET /api/catalog/products took 406 ms (budget 300 ms) → 200
2026-09-24 16:09:19.860 +05:00 [WRN] Slow request: GET /api/catalog/products took 317 ms (budget 300 ms) → 200
2026-09-24 16:09:20.009 +05:00 [WRN] Slow request: GET /api/catalog/products took 566 ms (budget 300 ms) → 200
2026-09-24 16:09:20.040 +05:00 [WRN] Slow request: GET /api/catalog/products took 425 ms (budget 300 ms) → 200
2026-09-24 16:09:20.041 +05:00 [WRN] Slow request: GET /api/catalog/products took 563 ms (budget 300 ms) → 200
2026-09-24 16:09:20.058 +05:00 [WRN] Slow request: GET /api/catalog/products took 602 ms (budget 300 ms) → 200
2026-09-24 16:09:20.059 +05:00 [WRN] Slow request: GET /api/catalog/products took 400 ms (budget 300 ms) → 200
2026-09-24 16:09:20.069 +05:00 [WRN] Slow request: GET /api/catalog/products took 318 ms (budget 300 ms) → 200
2026-09-24 16:09:20.091 +05:00 [WRN] Slow request: GET /api/catalog/products took 306 ms (budget 300 ms) → 200
2026-09-24 16:09:20.124 +05:00 [WRN] Slow request: GET /api/catalog/products took 449 ms (budget 300 ms) → 200
2026-09-24 16:09:20.140 +05:00 [WRN] Slow request: GET /api/catalog/suggest took 387 ms (budget 300 ms) → 200
2026-09-24 16:09:20.170 +05:00 [WRN] Slow request: GET /api/catalog/products took 401 ms (budget 300 ms) → 200
2026-09-24 16:09:20.171 +05:00 [WRN] Slow request: GET /api/catalog/products took 606 ms (budget 300 ms) → 200
2026-09-24 16:09:20.189 +05:00 [WRN] Slow request: GET /api/catalog/products took 388 ms (budget 300 ms) → 200
2026-09-24 16:09:20.225 +05:00 [WRN] Slow request: GET /api/catalog/products took 404 ms (budget 300 ms) → 200
2026-09-24 16:09:20.253 +05:00 [WRN] Slow request: GET /api/catalog/products took 654 ms (budget 300 ms) → 200
2026-09-24 16:09:20.260 +05:00 [WRN] Slow request: GET /api/catalog/products took 388 ms (budget 300 ms) → 200
2026-09-24 16:09:20.418 +05:00 [WRN] Slow request: GET /api/catalog/products took 336 ms (budget 300 ms) → 200
2026-09-24 16:09:20.465 +05:00 [WRN] Slow request: GET /api/catalog/products took 406 ms (budget 300 ms) → 200
2026-09-24 16:09:20.493 +05:00 [WRN] Slow request: GET /api/catalog/products took 315 ms (budget 300 ms) → 200
2026-09-24 16:09:20.514 +05:00 [WRN] Slow request: GET /api/catalog/products took 635 ms (budget 300 ms) → 200
2026-09-24 16:09:20.539 +05:00 [WRN] Slow request: GET /api/catalog/products took 480 ms (budget 300 ms) → 200
2026-09-24 16:09:20.544 +05:00 [WRN] Slow request: GET /api/catalog/products took 751 ms (budget 300 ms) → 200
2026-09-24 16:09:20.579 +05:00 [WRN] Slow request: GET /api/catalog/products took 448 ms (budget 300 ms) → 200
2026-09-24 16:09:20.604 +05:00 [WRN] Slow request: GET /api/catalog/products took 505 ms (budget 300 ms) → 200
2026-09-24 16:09:20.673 +05:00 [WRN] Slow request: GET /api/catalog/products took 590 ms (budget 300 ms) → 200
2026-09-24 16:09:20.723 +05:00 [WRN] Slow request: GET /api/catalog/products took 491 ms (budget 300 ms) → 200
2026-09-24 16:09:20.743 +05:00 [WRN] Slow request: GET /api/catalog/products took 601 ms (budget 300 ms) → 200
2026-09-24 16:09:20.760 +05:00 [WRN] Slow request: GET /api/catalog/products took 302 ms (budget 300 ms) → 200
2026-09-24 16:09:20.826 +05:00 [WRN] Slow request: GET /api/catalog/products took 649 ms (budget 300 ms) → 200
2026-09-24 16:09:20.828 +05:00 [WRN] Slow request: GET /api/catalog/products took 562 ms (budget 300 ms) → 200
2026-09-24 16:09:20.917 +05:00 [WRN] Slow request: GET /api/catalog/products took 311 ms (budget 300 ms) → 200
2026-09-24 16:09:21.018 +05:00 [WRN] Slow request: GET /api/catalog/products took 421 ms (budget 300 ms) → 200
2026-09-24 16:09:21.059 +05:00 [WRN] Slow request: GET /api/catalog/products took 369 ms (budget 300 ms) → 200
2026-09-24 16:09:21.118 +05:00 [WRN] Slow request: GET /api/catalog/products took 486 ms (budget 300 ms) → 200
2026-09-24 16:09:21.123 +05:00 [WRN] Slow request: GET /api/catalog/products took 617 ms (budget 300 ms) → 200
2026-09-24 16:09:21.157 +05:00 [WRN] Slow request: GET /api/catalog/products took 468 ms (budget 300 ms) → 200
2026-09-24 16:09:21.188 +05:00 [WRN] Slow request: GET /api/catalog/products took 371 ms (budget 300 ms) → 200
2026-09-24 16:09:21.193 +05:00 [WRN] Slow request: GET /api/catalog/products took 400 ms (budget 300 ms) → 200
2026-09-24 16:09:21.225 +05:00 [WRN] Slow request: GET /api/catalog/products took 536 ms (budget 300 ms) → 200
2026-09-24 16:09:21.257 +05:00 [WRN] Slow request: GET /api/catalog/products took 340 ms (budget 300 ms) → 200
2026-09-24 16:09:21.285 +05:00 [WRN] Slow request: GET /api/catalog/products took 436 ms (budget 300 ms) → 200
2026-09-24 16:09:21.291 +05:00 [WRN] Slow request: GET /api/catalog/products took 552 ms (budget 300 ms) → 200
2026-09-24 16:09:21.325 +05:00 [WRN] Slow request: GET /api/catalog/products took 437 ms (budget 300 ms) → 200
2026-09-24 16:09:21.352 +05:00 [WRN] Slow request: GET /api/catalog/products took 581 ms (budget 300 ms) → 200
2026-09-24 16:09:21.382 +05:00 [WRN] Slow request: GET /api/catalog/products took 377 ms (budget 300 ms) → 200
2026-09-24 16:09:21.432 +05:00 [WRN] Slow request: GET /api/catalog/products took 413 ms (budget 300 ms) → 200
2026-09-24 16:09:21.484 +05:00 [WRN] Slow request: GET /api/catalog/products took 557 ms (budget 300 ms) → 200
2026-09-24 16:09:21.591 +05:00 [WRN] Slow request: GET /api/catalog/products took 526 ms (budget 300 ms) → 200
2026-09-24 16:09:21.604 +05:00 [WRN] Slow request: GET /api/catalog/products took 318 ms (budget 300 ms) → 200
2026-09-24 16:09:21.614 +05:00 [WRN] Slow request: GET /api/catalog/products took 491 ms (budget 300 ms) → 200
2026-09-24 16:09:21.627 +05:00 [WRN] Slow request: GET /api/catalog/products took 330 ms (budget 300 ms) → 200
2026-09-24 16:09:21.642 +05:00 [WRN] Slow request: GET /api/catalog/products took 368 ms (budget 300 ms) → 200
2026-09-24 16:09:21.690 +05:00 [WRN] Slow request: GET /api/catalog/products took 308 ms (budget 300 ms) → 200
2026-09-24 16:09:21.699 +05:00 [WRN] Slow request: GET /api/catalog/products took 502 ms (budget 300 ms) → 200
2026-09-24 16:09:21.705 +05:00 [WRN] Slow request: GET /api/catalog/products took 580 ms (budget 300 ms) → 200
2026-09-24 16:09:21.775 +05:00 [WRN] Slow request: GET /api/catalog/products took 379 ms (budget 300 ms) → 200
2026-09-24 16:09:21.910 +05:00 [WRN] Slow request: GET /api/catalog/products took 425 ms (budget 300 ms) → 200
2026-09-24 16:09:21.937 +05:00 [WRN] Slow request: GET /api/catalog/products took 385 ms (budget 300 ms) → 200
2026-09-24 16:09:21.969 +05:00 [WRN] Slow request: GET /api/catalog/products took 396 ms (budget 300 ms) → 200
2026-09-24 16:09:22.001 +05:00 [WRN] Slow request: GET /api/catalog/products took 408 ms (budget 300 ms) → 200
2026-09-24 16:09:22.080 +05:00 [WRN] Slow request: GET /api/catalog/products took 550 ms (budget 300 ms) → 200
2026-09-24 16:09:22.081 +05:00 [WRN] Slow request: GET /api/catalog/products took 415 ms (budget 300 ms) → 200
2026-09-24 16:09:22.158 +05:00 [WRN] Slow request: GET /api/catalog/products took 456 ms (budget 300 ms) → 200
2026-09-24 16:09:22.176 +05:00 [WRN] Slow request: GET /api/catalog/products took 559 ms (budget 300 ms) → 200
2026-09-24 16:09:22.186 +05:00 [WRN] Slow request: GET /api/catalog/products took 353 ms (budget 300 ms) → 200
2026-09-24 16:09:22.190 +05:00 [WRN] Slow request: GET /api/catalog/products took 558 ms (budget 300 ms) → 200
2026-09-24 16:09:22.201 +05:00 [WRN] Slow request: GET /api/catalog/products took 368 ms (budget 300 ms) → 200
2026-09-24 16:09:22.242 +05:00 [WRN] Slow request: GET /api/catalog/products took 516 ms (budget 300 ms) → 200
2026-09-24 16:09:22.417 +05:00 [WRN] Slow request: GET /api/catalog/products took 302 ms (budget 300 ms) → 200
2026-09-24 16:09:22.420 +05:00 [WRN] Slow request: GET /api/catalog/products took 384 ms (budget 300 ms) → 200
2026-09-24 16:09:22.499 +05:00 [WRN] Slow request: GET /api/catalog/products took 308 ms (budget 300 ms) → 200
2026-09-24 16:09:22.533 +05:00 [WRN] Slow request: GET /api/catalog/products took 372 ms (budget 300 ms) → 200
2026-09-24 16:09:22.547 +05:00 [WRN] Slow request: GET /api/catalog/products took 415 ms (budget 300 ms) → 200
2026-09-24 16:09:22.648 +05:00 [WRN] Slow request: GET /api/catalog/products took 302 ms (budget 300 ms) → 200
2026-09-24 16:09:22.709 +05:00 [WRN] Slow request: GET /api/catalog/products took 504 ms (budget 300 ms) → 200
2026-09-24 16:09:22.730 +05:00 [WRN] Slow request: GET /api/catalog/products took 313 ms (budget 300 ms) → 200
2026-09-24 16:09:22.730 +05:00 [WRN] Slow request: GET /api/catalog/products took 489 ms (budget 300 ms) → 200
2026-09-24 16:09:22.730 +05:00 [WRN] Slow request: GET /api/catalog/products took 472 ms (budget 300 ms) → 200
2026-09-24 16:09:22.757 +05:00 [WRN] Slow request: GET /api/catalog/products took 532 ms (budget 300 ms) → 200
2026-09-24 16:09:22.802 +05:00 [WRN] Slow request: GET /api/catalog/products took 371 ms (budget 300 ms) → 200
2026-09-24 16:09:22.860 +05:00 [WRN] Slow request: GET /api/catalog/products took 495 ms (budget 300 ms) → 200
2026-09-24 16:09:22.901 +05:00 [WRN] Slow request: GET /api/catalog/products took 310 ms (budget 300 ms) → 200
2026-09-24 16:09:22.954 +05:00 [WRN] Slow request: GET /api/catalog/products took 531 ms (budget 300 ms) → 200
2026-09-24 16:09:22.961 +05:00 [WRN] Slow request: GET /api/catalog/products took 327 ms (budget 300 ms) → 200
2026-09-24 16:09:22.977 +05:00 [WRN] Slow request: GET /api/catalog/products took 516 ms (budget 300 ms) → 200
2026-09-24 16:09:23.058 +05:00 [WRN] Slow request: GET /api/catalog/products took 321 ms (budget 300 ms) → 200
2026-09-24 16:09:23.075 +05:00 [WRN] Slow request: GET /api/catalog/products took 377 ms (budget 300 ms) → 200
2026-09-24 16:09:23.079 +05:00 [WRN] Slow request: GET /api/catalog/products took 319 ms (budget 300 ms) → 200
2026-09-24 16:09:23.108 +05:00 [WRN] Slow request: GET /api/catalog/products took 516 ms (budget 300 ms) → 200
2026-09-24 16:09:23.113 +05:00 [WRN] Slow request: GET /api/catalog/products took 363 ms (budget 300 ms) → 200
2026-09-24 16:09:23.148 +05:00 [WRN] Slow request: GET /api/catalog/products took 357 ms (budget 300 ms) → 200
2026-09-24 16:09:23.177 +05:00 [WRN] Slow request: GET /api/catalog/products took 368 ms (budget 300 ms) → 200
2026-09-24 16:09:23.208 +05:00 [WRN] Slow request: GET /api/catalog/products took 488 ms (budget 300 ms) → 200
2026-09-24 16:09:23.259 +05:00 [WRN] Slow request: GET /api/catalog/products took 496 ms (budget 300 ms) → 200
2026-09-24 16:09:23.309 +05:00 [WRN] Slow request: GET /api/catalog/products took 320 ms (budget 300 ms) → 200
2026-09-24 16:09:23.326 +05:00 [WRN] Slow request: GET /api/catalog/products took 456 ms (budget 300 ms) → 200
2026-09-24 16:09:23.464 +05:00 [WRN] Slow request: GET /api/catalog/products took 472 ms (budget 300 ms) → 200
2026-09-24 16:09:23.481 +05:00 [WRN] Slow request: GET /api/catalog/products took 464 ms (budget 300 ms) → 200
2026-09-24 16:09:23.490 +05:00 [WRN] Slow request: GET /api/catalog/products took 338 ms (budget 300 ms) → 200
2026-09-24 16:09:23.491 +05:00 [WRN] Slow request: GET /api/catalog/products took 303 ms (budget 300 ms) → 200
2026-09-24 16:09:23.498 +05:00 [WRN] Slow request: GET /api/catalog/products took 411 ms (budget 300 ms) → 200
2026-09-24 16:09:23.638 +05:00 [WRN] Slow request: GET /api/catalog/products took 340 ms (budget 300 ms) → 200
2026-09-24 16:09:23.675 +05:00 [WRN] Slow request: GET /api/catalog/products took 475 ms (budget 300 ms) → 200
2026-09-24 16:09:23.871 +05:00 [WRN] Slow request: GET /api/catalog/products took 307 ms (budget 300 ms) → 200
2026-09-24 16:09:23.874 +05:00 [WRN] Slow request: GET /api/catalog/products took 371 ms (budget 300 ms) → 200
2026-09-24 16:09:23.919 +05:00 [WRN] Slow request: GET /api/catalog/products took 345 ms (budget 300 ms) → 200
2026-09-24 16:09:23.955 +05:00 [WRN] Slow request: GET /api/catalog/products took 390 ms (budget 300 ms) → 200
2026-09-24 16:09:24.006 +05:00 [WRN] Slow request: GET /api/catalog/products took 473 ms (budget 300 ms) → 200
2026-09-24 16:09:24.020 +05:00 [WRN] Slow request: GET /api/catalog/products took 487 ms (budget 300 ms) → 200
2026-09-24 16:09:24.032 +05:00 [WRN] Slow request: GET /api/catalog/products took 617 ms (budget 300 ms) → 200
2026-09-24 16:09:24.053 +05:00 [WRN] Slow request: GET /api/catalog/products took 568 ms (budget 300 ms) → 200
2026-09-24 16:09:24.148 +05:00 [WRN] Slow request: GET /api/catalog/products took 646 ms (budget 300 ms) → 200
2026-09-24 16:09:24.175 +05:00 [WRN] Slow request: GET /api/catalog/products took 656 ms (budget 300 ms) → 200
2026-09-24 16:09:24.226 +05:00 [WRN] Slow request: GET /api/catalog/products took 344 ms (budget 300 ms) → 200
2026-09-24 16:09:24.276 +05:00 [WRN] Slow request: GET /api/catalog/products took 569 ms (budget 300 ms) → 200
2026-09-24 16:09:24.370 +05:00 [WRN] Slow request: GET /api/catalog/products took 336 ms (budget 300 ms) → 200
2026-09-24 16:09:24.383 +05:00 [WRN] Slow request: GET /api/catalog/suggest took 351 ms (budget 300 ms) → 200
2026-09-24 16:09:24.390 +05:00 [WRN] Slow request: GET /api/catalog/products took 336 ms (budget 300 ms) → 200
2026-09-24 16:09:24.459 +05:00 [WRN] Slow request: GET /api/catalog/products took 571 ms (budget 300 ms) → 200
2026-09-24 16:09:24.471 +05:00 [WRN] Slow request: GET /api/catalog/suggest took 405 ms (budget 300 ms) → 200
2026-09-24 16:09:24.485 +05:00 [WRN] Slow request: GET /api/catalog/suggest took 362 ms (budget 300 ms) → 200
2026-09-24 16:09:24.486 +05:00 [WRN] Slow request: GET /api/catalog/products took 333 ms (budget 300 ms) → 200
2026-09-24 16:09:24.486 +05:00 [WRN] Slow request: GET /api/catalog/products took 433 ms (budget 300 ms) → 200
2026-09-24 16:09:24.529 +05:00 [WRN] Slow request: GET /api/catalog/products took 482 ms (budget 300 ms) → 200
2026-09-24 16:09:24.566 +05:00 [WRN] Slow request: GET /api/catalog/products took 570 ms (budget 300 ms) → 200
2026-09-24 16:09:24.604 +05:00 [WRN] Slow request: GET /api/catalog/suggest took 384 ms (budget 300 ms) → 200
2026-09-24 16:09:24.622 +05:00 [WRN] Slow request: GET /api/catalog/products took 538 ms (budget 300 ms) → 200
2026-09-24 16:09:24.628 +05:00 [WRN] Slow request: GET /api/catalog/products took 407 ms (budget 300 ms) → 200
2026-09-24 16:09:24.682 +05:00 [WRN] Slow request: GET /api/catalog/products took 493 ms (budget 300 ms) → 200
2026-09-24 16:09:24.700 +05:00 [WRN] Slow request: GET /api/catalog/products took 547 ms (budget 300 ms) → 200
2026-09-24 16:09:24.742 +05:00 [WRN] Slow request: GET /api/catalog/products took 357 ms (budget 300 ms) → 200
2026-09-24 16:09:24.752 +05:00 [WRN] Slow request: GET /api/catalog/products took 698 ms (budget 300 ms) → 200
2026-09-24 16:09:24.807 +05:00 [WRN] Slow request: GET /api/catalog/products took 357 ms (budget 300 ms) → 200
2026-09-24 16:09:24.908 +05:00 [WRN] Slow request: GET /api/catalog/suggest took 312 ms (budget 300 ms) → 200
2026-09-24 16:09:24.933 +05:00 [WRN] Slow request: GET /api/catalog/products took 408 ms (budget 300 ms) → 200
2026-09-24 16:09:24.937 +05:00 [WRN] Slow request: GET /api/catalog/products took 399 ms (budget 300 ms) → 200
2026-09-24 16:09:25.006 +05:00 [WRN] Slow request: GET /api/catalog/products took 636 ms (budget 300 ms) → 200
2026-09-24 16:09:25.038 +05:00 [WRN] Slow request: GET /api/catalog/products took 365 ms (budget 300 ms) → 200
2026-09-24 16:09:25.062 +05:00 [WRN] Slow request: GET /api/catalog/products took 555 ms (budget 300 ms) → 200
2026-09-24 16:09:25.092 +05:00 [WRN] Slow request: GET /api/catalog/products took 402 ms (budget 300 ms) → 200
2026-09-24 16:09:25.118 +05:00 [WRN] Slow request: GET /api/catalog/products took 632 ms (budget 300 ms) → 200
2026-09-24 16:09:25.133 +05:00 [WRN] Slow request: GET /api/catalog/products took 330 ms (budget 300 ms) → 200
2026-09-24 16:09:25.180 +05:00 [WRN] Slow request: GET /api/catalog/products took 314 ms (budget 300 ms) → 200
2026-09-24 16:09:25.204 +05:00 [WRN] Slow request: GET /api/catalog/products took 424 ms (budget 300 ms) → 200
2026-09-24 16:09:25.245 +05:00 [WRN] Slow request: GET /api/catalog/products took 431 ms (budget 300 ms) → 200
2026-09-24 16:09:25.285 +05:00 [WRN] Slow request: GET /api/catalog/products took 656 ms (budget 300 ms) → 200
2026-09-24 16:09:25.323 +05:00 [WRN] Slow request: GET /api/catalog/products took 314 ms (budget 300 ms) → 200
2026-09-24 16:09:25.355 +05:00 [WRN] Slow request: GET /api/catalog/suggest took 317 ms (budget 300 ms) → 200
2026-09-24 16:09:25.390 +05:00 [WRN] Slow request: GET /api/catalog/products took 486 ms (budget 300 ms) → 200
2026-09-24 16:09:25.406 +05:00 [WRN] Slow request: GET /api/catalog/products took 583 ms (budget 300 ms) → 200
2026-09-24 16:09:25.483 +05:00 [WRN] Slow request: GET /api/catalog/products took 673 ms (budget 300 ms) → 200
2026-09-24 16:09:25.520 +05:00 [WRN] Slow request: GET /api/catalog/products took 455 ms (budget 300 ms) → 200
2026-09-24 16:09:25.536 +05:00 [WRN] Slow request: GET /api/catalog/products took 344 ms (budget 300 ms) → 200
2026-09-24 16:09:25.547 +05:00 [WRN] Slow request: GET /api/catalog/suggest took 323 ms (budget 300 ms) → 200
2026-09-24 16:09:25.590 +05:00 [WRN] Slow request: GET /api/catalog/products took 303 ms (budget 300 ms) → 200
2026-09-24 16:09:25.880 +05:00 [WRN] Slow request: GET /api/catalog/products took 324 ms (budget 300 ms) → 200
2026-09-24 16:09:25.913 +05:00 [WRN] Slow request: GET /api/catalog/products took 706 ms (budget 300 ms) → 200
2026-09-24 16:09:25.926 +05:00 [WRN] Slow request: GET /api/catalog/suggest took 334 ms (budget 300 ms) → 200
2026-09-24 16:09:25.952 +05:00 [WRN] Slow request: GET /api/catalog/suggest took 335 ms (budget 300 ms) → 200
2026-09-24 16:09:25.953 +05:00 [WRN] Slow request: GET /api/catalog/products took 401 ms (budget 300 ms) → 200
2026-09-24 16:09:25.957 +05:00 [WRN] Slow request: GET /api/catalog/products took 384 ms (budget 300 ms) → 200
2026-09-24 16:09:25.984 +05:00 [WRN] Slow request: GET /api/catalog/products took 476 ms (budget 300 ms) → 200
2026-09-24 16:09:25.991 +05:00 [WRN] Slow request: GET /api/catalog/products took 453 ms (budget 300 ms) → 200
2026-09-24 16:09:25.997 +05:00 [WRN] Slow request: GET /api/catalog/products took 441 ms (budget 300 ms) → 200
2026-09-24 16:09:26.007 +05:00 [WRN] Slow request: GET /api/catalog/products took 376 ms (budget 300 ms) → 200
2026-09-24 16:09:26.009 +05:00 [WRN] Slow request: GET /api/catalog/products took 405 ms (budget 300 ms) → 200
2026-09-24 16:09:26.015 +05:00 [WRN] Slow request: GET /api/catalog/products took 574 ms (budget 300 ms) → 200
2026-09-24 16:10:31.620 +05:00 [WRN] Entity 'Product' has a global query filter defined and is the required end of a relationship with the entity 'ProductImage'. This may lead to unexpected results when the required entity is filtered out. Either configure the navigation as optional, or define matching query filters for both entities in the navigation. See https://go.microsoft.com/fwlink/?linkid=2131316 for more information.
2026-09-24 16:10:31.671 +05:00 [WRN] Entity 'Product' has a global query filter defined and is the required end of a relationship with the entity 'ProductOption'. This may lead to unexpected results when the required entity is filtered out. Either configure the navigation as optional, or define matching query filters for both entities in the navigation. See https://go.microsoft.com/fwlink/?linkid=2131316 for more information.
2026-09-24 16:10:31.672 +05:00 [WRN] Entity 'Product' has a global query filter defined and is the required end of a relationship with the entity 'ProductTag'. This may lead to unexpected results when the required entity is filtered out. Either configure the navigation as optional, or define matching query filters for both entities in the navigation. See https://go.microsoft.com/fwlink/?linkid=2131316 for more information.
2026-09-24 16:10:31.673 +05:00 [WRN] Entity 'Product' has a global query filter defined and is the required end of a relationship with the entity 'ProductVariant'. This may lead to unexpected results when the required entity is filtered out. Either configure the navigation as optional, or define matching query filters for both entities in the navigation. See https://go.microsoft.com/fwlink/?linkid=2131316 for more information.
2026-09-24 16:10:33.028 +05:00 [INF] Acquiring an exclusive lock for migration application. See https://aka.ms/efcore-docs-migrations-lock for more information if this takes too long.
2026-09-24 16:10:33.389 +05:00 [INF] No migrations were applied. The database is already up to date.
2026-09-24 16:10:34.756 +05:00 [INF] Catalogue already seeded; skipping
2026-09-24 16:10:34.864 +05:00 [INF] Now listening on: http://localhost:5080
2026-09-24 16:10:34.865 +05:00 [INF] Application started. Press Ctrl+C to shut down.
2026-09-24 16:10:34.865 +05:00 [INF] Hosting environment: Development
2026-09-24 16:10:34.865 +05:00 [INF] Content root path: D:\Projects\Store\src\Store.Api
2026-09-24 16:10:49.994 +05:00 [WRN] Failed to determine the https port for redirect.
2026-09-24 16:12:48.062 +05:00 [WRN] Slow request: GET /api/catalog/products took 339 ms (budget 300 ms) → 200
2026-09-24 16:15:25.775 +05:00 [ERR] Failed executing DbCommand (30,091ms) [Parameters=[@p='?' (DbType = Int32), @p1='?' (DbType = Int32)], CommandType='"Text"', CommandTimeout='30']
SELECT [p0].[Id], [p0].[Name], [p0].[Slug], [p0].[ShortDescription], (
    SELECT TOP(1) [p1].[Url]
    FROM [ProductImages] AS [p1]
    WHERE [p0].[Id] = [p1].[ProductId]
    ORDER BY [p1].[IsPrimary] DESC, [p1].[DisplayOrder]), (
    SELECT TOP(1) [p2].[ThumbnailUrl]
    FROM [ProductImages] AS [p2]
    WHERE [p0].[Id] = [p2].[ProductId]
    ORDER BY [p2].[IsPrimary] DESC, [p2].[DisplayOrder]), (
    SELECT TOP(1) [p3].[BlurHash]
    FROM [ProductImages] AS [p3]
    WHERE [p0].[Id] = [p3].[ProductId]
    ORDER BY [p3].[IsPrimary] DESC, [p3].[DisplayOrder]), COALESCE((
    SELECT TOP(1) [p4].[Width]
    FROM [ProductImages] AS [p4]
    WHERE [p0].[Id] = [p4].[ProductId]
    ORDER BY [p4].[IsPrimary] DESC, [p4].[DisplayOrder]), 0), COALESCE((
    SELECT TOP(1) [p5].[Height]
    FROM [ProductImages] AS [p5]
    WHERE [p0].[Id] = [p5].[ProductId]
    ORDER BY [p5].[IsPrimary] DESC, [p5].[DisplayOrder]), 0), [p0].[MinPrice], [p0].[MaxPrice], [p0].[MaxCompareAtPrice], [p0].[InStock], [p0].[RatingAverage], [p0].[RatingCount], [p0].[Badge], [b0].[Name], [c0].[Name], [c0].[Slug], (
    SELECT COUNT(*)
    FROM [ProductVariants] AS [p6]
    WHERE [p0].[Id] = [p6].[ProductId] AND [p6].[IsActive] = CAST(1 AS bit)), COALESCE((
    SELECT TOP(1) [p7].[Unit]
    FROM [ProductVariants] AS [p7]
    WHERE [p0].[Id] = [p7].[ProductId] AND [p7].[IsDefault] = CAST(1 AS bit)), N'piece')
FROM (
    SELECT [p].[Id], [p].[Badge], [p].[BrandId], [p].[CategoryId], [p].[InStock], [p].[MaxCompareAtPrice], [p].[MaxPrice], [p].[MinPrice], [p].[Name], [p].[RatingAverage], [p].[RatingCount], [p].[ShortDescription], [p].[Slug], COALESCE([p].[PublishedAt], [p].[CreatedAt]) AS [c]
    FROM [Products] AS [p]
    WHERE [p].[DeletedAt] IS NULL AND [p].[Status] = 1
    ORDER BY COALESCE([p].[PublishedAt], [p].[CreatedAt]) DESC
    OFFSET @p ROWS FETCH NEXT @p1 ROWS ONLY
) AS [p0]
LEFT JOIN (
    SELECT [b].[Id], [b].[Name]
    FROM [Brands] AS [b]
    WHERE [b].[DeletedAt] IS NULL
) AS [b0] ON [p0].[BrandId] = [b0].[Id]
LEFT JOIN (
    SELECT [c].[Id], [c].[Name], [c].[Slug]
    FROM [Categories] AS [c]
    WHERE [c].[DeletedAt] IS NULL
) AS [c0] ON [p0].[CategoryId] = [c0].[Id]
ORDER BY [p0].[c] DESC
2026-09-24 16:15:25.775 +05:00 [ERR] Failed executing DbCommand (30,097ms) [Parameters=[@p='?' (DbType = Int32), @p1='?' (DbType = Int32)], CommandType='"Text"', CommandTimeout='30']
SELECT [p0].[Id], [p0].[Name], [p0].[Slug], [p0].[ShortDescription], (
    SELECT TOP(1) [p1].[Url]
    FROM [ProductImages] AS [p1]
    WHERE [p0].[Id] = [p1].[ProductId]
    ORDER BY [p1].[IsPrimary] DESC, [p1].[DisplayOrder]), (
    SELECT TOP(1) [p2].[ThumbnailUrl]
    FROM [ProductImages] AS [p2]
    WHERE [p0].[Id] = [p2].[ProductId]
    ORDER BY [p2].[IsPrimary] DESC, [p2].[DisplayOrder]), (
    SELECT TOP(1) [p3].[BlurHash]
    FROM [ProductImages] AS [p3]
    WHERE [p0].[Id] = [p3].[ProductId]
    ORDER BY [p3].[IsPrimary] DESC, [p3].[DisplayOrder]), COALESCE((
    SELECT TOP(1) [p4].[Width]
    FROM [ProductImages] AS [p4]
    WHERE [p0].[Id] = [p4].[ProductId]
    ORDER BY [p4].[IsPrimary] DESC, [p4].[DisplayOrder]), 0), COALESCE((
    SELECT TOP(1) [p5].[Height]
    FROM [ProductImages] AS [p5]
    WHERE [p0].[Id] = [p5].[ProductId]
    ORDER BY [p5].[IsPrimary] DESC, [p5].[DisplayOrder]), 0), [p0].[MinPrice], [p0].[MaxPrice], [p0].[MaxCompareAtPrice], [p0].[InStock], [p0].[RatingAverage], [p0].[RatingCount], [p0].[Badge], [b0].[Name], [c0].[Name], [c0].[Slug], (
    SELECT COUNT(*)
    FROM [ProductVariants] AS [p6]
    WHERE [p0].[Id] = [p6].[ProductId] AND [p6].[IsActive] = CAST(1 AS bit)), COALESCE((
    SELECT TOP(1) [p7].[Unit]
    FROM [ProductVariants] AS [p7]
    WHERE [p0].[Id] = [p7].[ProductId] AND [p7].[IsDefault] = CAST(1 AS bit)), N'piece')
FROM (
    SELECT [p].[Id], [p].[Badge], [p].[BrandId], [p].[CategoryId], [p].[CreatedAt], [p].[InStock], [p].[IsFeatured], [p].[MaxCompareAtPrice], [p].[MaxPrice], [p].[MinPrice], [p].[Name], [p].[RatingAverage], [p].[RatingCount], [p].[SalesCount], [p].[ShortDescription], [p].[Slug]
    FROM [Products] AS [p]
    WHERE [p].[DeletedAt] IS NULL AND [p].[Status] = 1 AND [p].[InStock] = CAST(1 AS bit) AND [p].[MaxCompareAtPrice] > [p].[MinPrice]
    ORDER BY [p].[InStock] DESC, [p].[IsFeatured] DESC, [p].[SalesCount] DESC, [p].[CreatedAt] DESC
    OFFSET @p ROWS FETCH NEXT @p1 ROWS ONLY
) AS [p0]
LEFT JOIN (
    SELECT [b].[Id], [b].[Name]
    FROM [Brands] AS [b]
    WHERE [b].[DeletedAt] IS NULL
) AS [b0] ON [p0].[BrandId] = [b0].[Id]
LEFT JOIN (
    SELECT [c].[Id], [c].[Name], [c].[Slug]
    FROM [Categories] AS [c]
    WHERE [c].[DeletedAt] IS NULL
) AS [c0] ON [p0].[CategoryId] = [c0].[Id]
ORDER BY [p0].[InStock] DESC, [p0].[IsFeatured] DESC, [p0].[SalesCount] DESC, [p0].[CreatedAt] DESC
2026-09-24 16:15:25.775 +05:00 [ERR] Failed executing DbCommand (30,085ms) [Parameters=[@p='?' (DbType = Int32), @p1='?' (DbType = Int32)], CommandType='"Text"', CommandTimeout='30']
SELECT [p0].[Id], [p0].[Name], [p0].[Slug], [p0].[ShortDescription], (
    SELECT TOP(1) [p1].[Url]
    FROM [ProductImages] AS [p1]
    WHERE [p0].[Id] = [p1].[ProductId]
    ORDER BY [p1].[IsPrimary] DESC, [p1].[DisplayOrder]), (
    SELECT TOP(1) [p2].[ThumbnailUrl]
    FROM [ProductImages] AS [p2]
    WHERE [p0].[Id] = [p2].[ProductId]
    ORDER BY [p2].[IsPrimary] DESC, [p2].[DisplayOrder]), (
    SELECT TOP(1) [p3].[BlurHash]
    FROM [ProductImages] AS [p3]
    WHERE [p0].[Id] = [p3].[ProductId]
    ORDER BY [p3].[IsPrimary] DESC, [p3].[DisplayOrder]), COALESCE((
    SELECT TOP(1) [p4].[Width]
    FROM [ProductImages] AS [p4]
    WHERE [p0].[Id] = [p4].[ProductId]
    ORDER BY [p4].[IsPrimary] DESC, [p4].[DisplayOrder]), 0), COALESCE((
    SELECT TOP(1) [p5].[Height]
    FROM [ProductImages] AS [p5]
    WHERE [p0].[Id] = [p5].[ProductId]
    ORDER BY [p5].[IsPrimary] DESC, [p5].[DisplayOrder]), 0), [p0].[MinPrice], [p0].[MaxPrice], [p0].[MaxCompareAtPrice], [p0].[InStock], [p0].[RatingAverage], [p0].[RatingCount], [p0].[Badge], [b0].[Name], [c0].[Name], [c0].[Slug], (
    SELECT COUNT(*)
    FROM [ProductVariants] AS [p6]
    WHERE [p0].[Id] = [p6].[ProductId] AND [p6].[IsActive] = CAST(1 AS bit)), COALESCE((
    SELECT TOP(1) [p7].[Unit]
    FROM [ProductVariants] AS [p7]
    WHERE [p0].[Id] = [p7].[ProductId] AND [p7].[IsDefault] = CAST(1 AS bit)), N'piece')
FROM (
    SELECT [p].[Id], [p].[Badge], [p].[BrandId], [p].[CategoryId], [p].[InStock], [p].[MaxCompareAtPrice], [p].[MaxPrice], [p].[MinPrice], [p].[Name], [p].[RatingAverage], [p].[RatingCount], [p].[SalesCount], [p].[ShortDescription], [p].[Slug]
    FROM [Products] AS [p]
    WHERE [p].[DeletedAt] IS NULL AND [p].[Status] = 1 AND [p].[InStock] = CAST(1 AS bit)
    ORDER BY [p].[SalesCount] DESC, [p].[RatingAverage] DESC
    OFFSET @p ROWS FETCH NEXT @p1 ROWS ONLY
) AS [p0]
LEFT JOIN (
    SELECT [b].[Id], [b].[Name]
    FROM [Brands] AS [b]
    WHERE [b].[DeletedAt] IS NULL
) AS [b0] ON [p0].[BrandId] = [b0].[Id]
LEFT JOIN (
    SELECT [c].[Id], [c].[Name], [c].[Slug]
    FROM [Categories] AS [c]
    WHERE [c].[DeletedAt] IS NULL
) AS [c0] ON [p0].[CategoryId] = [c0].[Id]
ORDER BY [p0].[SalesCount] DESC, [p0].[RatingAverage] DESC
2026-09-24 16:15:25.841 +05:00 [ERR] An exception occurred while iterating over the results of a query for context type 'Store.Infrastructure.Persistence.StoreDbContext'.
Microsoft.Data.SqlClient.SqlException (0x80131904): Execution Timeout Expired.  The timeout period elapsed prior to completion of the operation or the server is not responding.
 ---> System.ComponentModel.Win32Exception (258): The wait operation timed out.
   at Microsoft.Data.SqlClient.SqlCommand.<>c.<ExecuteDbDataReaderAsync>b__195_0(Task`1 result)
   at System.Threading.Tasks.ContinuationResultTaskFromResultTask`2.InnerInvoke()
   at System.Threading.ExecutionContext.RunInternal(ExecutionContext executionContext, ContextCallback callback, Object state)
--- End of stack trace from previous location ---
   at System.Threading.ExecutionContext.RunInternal(ExecutionContext executionContext, ContextCallback callback, Object state)
   at System.Threading.Tasks.Task.ExecuteWithThreadLocal(Task& currentTaskSlot, Thread threadPoolThread)
--- End of stack trace from previous location ---
   at Microsoft.EntityFrameworkCore.Storage.RelationalCommand.ExecuteReaderAsync(RelationalCommandParameterObject parameterObject, CancellationToken cancellationToken)
   at Microsoft.EntityFrameworkCore.Storage.RelationalCommand.ExecuteReaderAsync(RelationalCommandParameterObject parameterObject, CancellationToken cancellationToken)
   at Microsoft.EntityFrameworkCore.Query.Internal.SingleQueryingEnumerable`1.AsyncEnumerator.InitializeReaderAsync(AsyncEnumerator enumerator, CancellationToken cancellationToken)
   at Microsoft.EntityFrameworkCore.Storage.ExecutionStrategy.<>c__DisplayClass30_0`2.<<ExecuteAsync>b__0>d.MoveNext()
--- End of stack trace from previous location ---
   at Microsoft.EntityFrameworkCore.Storage.ExecutionStrategy.ExecuteImplementationAsync[TState,TResult](Func`4 operation, Func`4 verifySucceeded, TState state, CancellationToken cancellationToken)
   at Microsoft.EntityFrameworkCore.Storage.ExecutionStrategy.ExecuteImplementationAsync[TState,TResult](Func`4 operation, Func`4 verifySucceeded, TState state, CancellationToken cancellationToken)
   at Microsoft.EntityFrameworkCore.Storage.ExecutionStrategy.ExecuteAsync[TState,TResult](TState state, Func`4 operation, Func`4 verifySucceeded, CancellationToken cancellationToken)
   at Microsoft.EntityFrameworkCore.Query.Internal.SingleQueryingEnumerable`1.AsyncEnumerator.MoveNextAsync()
ClientConnectionId:71b2f66e-51ba-4391-8dcb-5cc2b3e2a66f
Error Number:-2,State:0,Class:11
Microsoft.Data.SqlClient.SqlException (0x80131904): Execution Timeout Expired.  The timeout period elapsed prior to completion of the operation or the server is not responding.
 ---> System.ComponentModel.Win32Exception (258): The wait operation timed out.
   at Microsoft.Data.SqlClient.SqlCommand.<>c.<ExecuteDbDataReaderAsync>b__195_0(Task`1 result)
   at System.Threading.Tasks.ContinuationResultTaskFromResultTask`2.InnerInvoke()
   at System.Threading.ExecutionContext.RunInternal(ExecutionContext executionContext, ContextCallback callback, Object state)
--- End of stack trace from previous location ---
   at System.Threading.ExecutionContext.RunInternal(ExecutionContext executionContext, ContextCallback callback, Object state)
   at System.Threading.Tasks.Task.ExecuteWithThreadLocal(Task& currentTaskSlot, Thread threadPoolThread)
--- End of stack trace from previous location ---
   at Microsoft.EntityFrameworkCore.Storage.RelationalCommand.ExecuteReaderAsync(RelationalCommandParameterObject parameterObject, CancellationToken cancellationToken)
   at Microsoft.EntityFrameworkCore.Storage.RelationalCommand.ExecuteReaderAsync(RelationalCommandParameterObject parameterObject, CancellationToken cancellationToken)
   at Microsoft.EntityFrameworkCore.Query.Internal.SingleQueryingEnumerable`1.AsyncEnumerator.InitializeReaderAsync(AsyncEnumerator enumerator, CancellationToken cancellationToken)
   at Microsoft.EntityFrameworkCore.Storage.ExecutionStrategy.<>c__DisplayClass30_0`2.<<ExecuteAsync>b__0>d.MoveNext()
--- End of stack trace from previous location ---
   at Microsoft.EntityFrameworkCore.Storage.ExecutionStrategy.ExecuteImplementationAsync[TState,TResult](Func`4 operation, Func`4 verifySucceeded, TState state, CancellationToken cancellationToken)
   at Microsoft.EntityFrameworkCore.Storage.ExecutionStrategy.ExecuteImplementationAsync[TState,TResult](Func`4 operation, Func`4 verifySucceeded, TState state, CancellationToken cancellationToken)
   at Microsoft.EntityFrameworkCore.Storage.ExecutionStrategy.ExecuteAsync[TState,TResult](TState state, Func`4 operation, Func`4 verifySucceeded, CancellationToken cancellationToken)
   at Microsoft.EntityFrameworkCore.Query.Internal.SingleQueryingEnumerable`1.AsyncEnumerator.MoveNextAsync()
ClientConnectionId:71b2f66e-51ba-4391-8dcb-5cc2b3e2a66f
Error Number:-2,State:0,Class:11
2026-09-24 16:15:25.849 +05:00 [WRN] Slow request: GET /api/catalog/products took 30702 ms (budget 300 ms) → 200
2026-09-24 16:15:25.851 +05:00 [ERR] An exception occurred while iterating over the results of a query for context type 'Store.Infrastructure.Persistence.StoreDbContext'.
Microsoft.Data.SqlClient.SqlException (0x80131904): Execution Timeout Expired.  The timeout period elapsed prior to completion of the operation or the server is not responding.
 ---> System.ComponentModel.Win32Exception (258): The wait operation timed out.
   at Microsoft.Data.SqlClient.SqlCommand.<>c.<ExecuteDbDataReaderAsync>b__195_0(Task`1 result)
   at System.Threading.Tasks.ContinuationResultTaskFromResultTask`2.InnerInvoke()
   at System.Threading.ExecutionContext.RunInternal(ExecutionContext executionContext, ContextCallback callback, Object state)
--- End of stack trace from previous location ---
   at System.Threading.ExecutionContext.RunInternal(ExecutionContext executionContext, ContextCallback callback, Object state)
   at System.Threading.Tasks.Task.ExecuteWithThreadLocal(Task& currentTaskSlot, Thread threadPoolThread)
--- End of stack trace from previous location ---
   at Microsoft.EntityFrameworkCore.Storage.RelationalCommand.ExecuteReaderAsync(RelationalCommandParameterObject parameterObject, CancellationToken cancellationToken)
   at Microsoft.EntityFrameworkCore.Storage.RelationalCommand.ExecuteReaderAsync(RelationalCommandParameterObject parameterObject, CancellationToken cancellationToken)
   at Microsoft.EntityFrameworkCore.Query.Internal.SingleQueryingEnumerable`1.AsyncEnumerator.InitializeReaderAsync(AsyncEnumerator enumerator, CancellationToken cancellationToken)
   at Microsoft.EntityFrameworkCore.Storage.ExecutionStrategy.<>c__DisplayClass30_0`2.<<ExecuteAsync>b__0>d.MoveNext()
--- End of stack trace from previous location ---
   at Microsoft.EntityFrameworkCore.Storage.ExecutionStrategy.ExecuteImplementationAsync[TState,TResult](Func`4 operation, Func`4 verifySucceeded, TState state, CancellationToken cancellationToken)
   at Microsoft.EntityFrameworkCore.Storage.ExecutionStrategy.ExecuteImplementationAsync[TState,TResult](Func`4 operation, Func`4 verifySucceeded, TState state, CancellationToken cancellationToken)
   at Microsoft.EntityFrameworkCore.Storage.ExecutionStrategy.ExecuteAsync[TState,TResult](TState state, Func`4 operation, Func`4 verifySucceeded, CancellationToken cancellationToken)
   at Microsoft.EntityFrameworkCore.Query.Internal.SingleQueryingEnumerable`1.AsyncEnumerator.MoveNextAsync()
ClientConnectionId:4f17af39-1188-4870-a9f3-44420cfa1647
Error Number:-2,State:0,Class:11
Microsoft.Data.SqlClient.SqlException (0x80131904): Execution Timeout Expired.  The timeout period elapsed prior to completion of the operation or the server is not responding.
 ---> System.ComponentModel.Win32Exception (258): The wait operation timed out.
   at Microsoft.Data.SqlClient.SqlCommand.<>c.<ExecuteDbDataReaderAsync>b__195_0(Task`1 result)
   at System.Threading.Tasks.ContinuationResultTaskFromResultTask`2.InnerInvoke()
   at System.Threading.ExecutionContext.RunInternal(ExecutionContext executionContext, ContextCallback callback, Object state)
--- End of stack trace from previous location ---
   at System.Threading.ExecutionContext.RunInternal(ExecutionContext executionContext, ContextCallback callback, Object state)
   at System.Threading.Tasks.Task.ExecuteWithThreadLocal(Task& currentTaskSlot, Thread threadPoolThread)
--- End of stack trace from previous location ---
   at Microsoft.EntityFrameworkCore.Storage.RelationalCommand.ExecuteReaderAsync(RelationalCommandParameterObject parameterObject, CancellationToken cancellationToken)
   at Microsoft.EntityFrameworkCore.Storage.RelationalCommand.ExecuteReaderAsync(RelationalCommandParameterObject parameterObject, CancellationToken cancellationToken)
   at Microsoft.EntityFrameworkCore.Query.Internal.SingleQueryingEnumerable`1.AsyncEnumerator.InitializeReaderAsync(AsyncEnumerator enumerator, CancellationToken cancellationToken)
   at Microsoft.EntityFrameworkCore.Storage.ExecutionStrategy.<>c__DisplayClass30_0`2.<<ExecuteAsync>b__0>d.MoveNext()
--- End of stack trace from previous location ---
   at Microsoft.EntityFrameworkCore.Storage.ExecutionStrategy.ExecuteImplementationAsync[TState,TResult](Func`4 operation, Func`4 verifySucceeded, TState state, CancellationToken cancellationToken)
   at Microsoft.EntityFrameworkCore.Storage.ExecutionStrategy.ExecuteImplementationAsync[TState,TResult](Func`4 operation, Func`4 verifySucceeded, TState state, CancellationToken cancellationToken)
   at Microsoft.EntityFrameworkCore.Storage.ExecutionStrategy.ExecuteAsync[TState,TResult](TState state, Func`4 operation, Func`4 verifySucceeded, CancellationToken cancellationToken)
   at Microsoft.EntityFrameworkCore.Query.Internal.SingleQueryingEnumerable`1.AsyncEnumerator.MoveNextAsync()
ClientConnectionId:4f17af39-1188-4870-a9f3-44420cfa1647
Error Number:-2,State:0,Class:11
2026-09-24 16:15:25.849 +05:00 [ERR] An exception occurred while iterating over the results of a query for context type 'Store.Infrastructure.Persistence.StoreDbContext'.
Microsoft.Data.SqlClient.SqlException (0x80131904): Execution Timeout Expired.  The timeout period elapsed prior to completion of the operation or the server is not responding.
 ---> System.ComponentModel.Win32Exception (258): The wait operation timed out.
   at Microsoft.Data.SqlClient.SqlCommand.<>c.<ExecuteDbDataReaderAsync>b__195_0(Task`1 result)
   at System.Threading.Tasks.ContinuationResultTaskFromResultTask`2.InnerInvoke()
   at System.Threading.ExecutionContext.RunInternal(ExecutionContext executionContext, ContextCallback callback, Object state)
--- End of stack trace from previous location ---
   at System.Threading.ExecutionContext.RunInternal(ExecutionContext executionContext, ContextCallback callback, Object state)
   at System.Threading.Tasks.Task.ExecuteWithThreadLocal(Task& currentTaskSlot, Thread threadPoolThread)
--- End of stack trace from previous location ---
   at Microsoft.EntityFrameworkCore.Storage.RelationalCommand.ExecuteReaderAsync(RelationalCommandParameterObject parameterObject, CancellationToken cancellationToken)
   at Microsoft.EntityFrameworkCore.Storage.RelationalCommand.ExecuteReaderAsync(RelationalCommandParameterObject parameterObject, CancellationToken cancellationToken)
   at Microsoft.EntityFrameworkCore.Query.Internal.SingleQueryingEnumerable`1.AsyncEnumerator.InitializeReaderAsync(AsyncEnumerator enumerator, CancellationToken cancellationToken)
   at Microsoft.EntityFrameworkCore.Storage.ExecutionStrategy.<>c__DisplayClass30_0`2.<<ExecuteAsync>b__0>d.MoveNext()
--- End of stack trace from previous location ---
   at Microsoft.EntityFrameworkCore.Storage.ExecutionStrategy.ExecuteImplementationAsync[TState,TResult](Func`4 operation, Func`4 verifySucceeded, TState state, CancellationToken cancellationToken)
   at Microsoft.EntityFrameworkCore.Storage.ExecutionStrategy.ExecuteImplementationAsync[TState,TResult](Func`4 operation, Func`4 verifySucceeded, TState state, CancellationToken cancellationToken)
   at Microsoft.EntityFrameworkCore.Storage.ExecutionStrategy.ExecuteAsync[TState,TResult](TState state, Func`4 operation, Func`4 verifySucceeded, CancellationToken cancellationToken)
   at Microsoft.EntityFrameworkCore.Query.Internal.SingleQueryingEnumerable`1.AsyncEnumerator.MoveNextAsync()
ClientConnectionId:10897dcf-016f-4911-a0dc-de8b2d8662d3
Error Number:-2,State:0,Class:11
Microsoft.Data.SqlClient.SqlException (0x80131904): Execution Timeout Expired.  The timeout period elapsed prior to completion of the operation or the server is not responding.
 ---> System.ComponentModel.Win32Exception (258): The wait operation timed out.
   at Microsoft.Data.SqlClient.SqlCommand.<>c.<ExecuteDbDataReaderAsync>b__195_0(Task`1 result)
   at System.Threading.Tasks.ContinuationResultTaskFromResultTask`2.InnerInvoke()
   at System.Threading.ExecutionContext.RunInternal(ExecutionContext executionContext, ContextCallback callback, Object state)
--- End of stack trace from previous location ---
   at System.Threading.ExecutionContext.RunInternal(ExecutionContext executionContext, ContextCallback callback, Object state)
   at System.Threading.Tasks.Task.ExecuteWithThreadLocal(Task& currentTaskSlot, Thread threadPoolThread)
--- End of stack trace from previous location ---
   at Microsoft.EntityFrameworkCore.Storage.RelationalCommand.ExecuteReaderAsync(RelationalCommandParameterObject parameterObject, CancellationToken cancellationToken)
   at Microsoft.EntityFrameworkCore.Storage.RelationalCommand.ExecuteReaderAsync(RelationalCommandParameterObject parameterObject, CancellationToken cancellationToken)
   at Microsoft.EntityFrameworkCore.Query.Internal.SingleQueryingEnumerable`1.AsyncEnumerator.InitializeReaderAsync(AsyncEnumerator enumerator, CancellationToken cancellationToken)
   at Microsoft.EntityFrameworkCore.Storage.ExecutionStrategy.<>c__DisplayClass30_0`2.<<ExecuteAsync>b__0>d.MoveNext()
--- End of stack trace from previous location ---
   at Microsoft.EntityFrameworkCore.Storage.ExecutionStrategy.ExecuteImplementationAsync[TState,TResult](Func`4 operation, Func`4 verifySucceeded, TState state, CancellationToken cancellationToken)
   at Microsoft.EntityFrameworkCore.Storage.ExecutionStrategy.ExecuteImplementationAsync[TState,TResult](Func`4 operation, Func`4 verifySucceeded, TState state, CancellationToken cancellationToken)
   at Microsoft.EntityFrameworkCore.Storage.ExecutionStrategy.ExecuteAsync[TState,TResult](TState state, Func`4 operation, Func`4 verifySucceeded, CancellationToken cancellationToken)
   at Microsoft.EntityFrameworkCore.Query.Internal.SingleQueryingEnumerable`1.AsyncEnumerator.MoveNextAsync()
ClientConnectionId:10897dcf-016f-4911-a0dc-de8b2d8662d3
Error Number:-2,State:0,Class:11
2026-09-24 16:15:25.859 +05:00 [WRN] Slow request: GET /api/catalog/products took 30711 ms (budget 300 ms) → 200
2026-09-24 16:15:25.859 +05:00 [ERR] SqlException on GET /api/catalog/products → 500 (correlation 00-0794222a5eb8b0a1c38f681d1fdbfe1c-52ae853399034871-00)
Microsoft.Data.SqlClient.SqlException (0x80131904): Execution Timeout Expired.  The timeout period elapsed prior to completion of the operation or the server is not responding.
 ---> System.ComponentModel.Win32Exception (258): The wait operation timed out.
   at Microsoft.Data.SqlClient.SqlCommand.<>c.<ExecuteDbDataReaderAsync>b__195_0(Task`1 result)
   at System.Threading.Tasks.ContinuationResultTaskFromResultTask`2.InnerInvoke()
   at System.Threading.ExecutionContext.RunInternal(ExecutionContext executionContext, ContextCallback callback, Object state)
--- End of stack trace from previous location ---
   at System.Threading.ExecutionContext.RunInternal(ExecutionContext executionContext, ContextCallback callback, Object state)
   at System.Threading.Tasks.Task.ExecuteWithThreadLocal(Task& currentTaskSlot, Thread threadPoolThread)
--- End of stack trace from previous location ---
   at Microsoft.EntityFrameworkCore.Storage.RelationalCommand.ExecuteReaderAsync(RelationalCommandParameterObject parameterObject, CancellationToken cancellationToken)
   at Microsoft.EntityFrameworkCore.Storage.RelationalCommand.ExecuteReaderAsync(RelationalCommandParameterObject parameterObject, CancellationToken cancellationToken)
   at Microsoft.EntityFrameworkCore.Query.Internal.SingleQueryingEnumerable`1.AsyncEnumerator.InitializeReaderAsync(AsyncEnumerator enumerator, CancellationToken cancellationToken)
   at Microsoft.EntityFrameworkCore.Storage.ExecutionStrategy.<>c__DisplayClass30_0`2.<<ExecuteAsync>b__0>d.MoveNext()
--- End of stack trace from previous location ---
   at Microsoft.EntityFrameworkCore.Storage.ExecutionStrategy.ExecuteImplementationAsync[TState,TResult](Func`4 operation, Func`4 verifySucceeded, TState state, CancellationToken cancellationToken)
   at Microsoft.EntityFrameworkCore.Storage.ExecutionStrategy.ExecuteImplementationAsync[TState,TResult](Func`4 operation, Func`4 verifySucceeded, TState state, CancellationToken cancellationToken)
   at Microsoft.EntityFrameworkCore.Storage.ExecutionStrategy.ExecuteAsync[TState,TResult](TState state, Func`4 operation, Func`4 verifySucceeded, CancellationToken cancellationToken)
   at Microsoft.EntityFrameworkCore.Query.Internal.SingleQueryingEnumerable`1.AsyncEnumerator.MoveNextAsync()
   at Microsoft.EntityFrameworkCore.EntityFrameworkQueryableExtensions.ToListAsync[TSource](IQueryable`1 source, CancellationToken cancellationToken)
   at Microsoft.EntityFrameworkCore.EntityFrameworkQueryableExtensions.ToListAsync[TSource](IQueryable`1 source, CancellationToken cancellationToken)
   at Store.Infrastructure.Catalog.ProductService.SearchAsync(ProductQuery query, Boolean includeFacets, CancellationToken ct) in D:\Projects\Store\src\Store.Infrastructure\Catalog\ProductService.cs:line 62
   at Store.Api.Endpoints.CatalogEndpoints.<>c.<<MapPublicCatalog>b__1_3>d.MoveNext() in D:\Projects\Store\src\Store.Api\Endpoints\CatalogEndpoints.cs:line 71
--- End of stack trace from previous location ---
   at Microsoft.AspNetCore.Http.RequestDelegateFactory.ExecuteTaskResult[T](Task`1 task, HttpContext httpContext)
   at Microsoft.AspNetCore.Authorization.AuthorizationMiddleware.Invoke(HttpContext context)
   at Microsoft.AspNetCore.Authentication.AuthenticationMiddleware.Invoke(HttpContext context)
   at Microsoft.AspNetCore.OutputCaching.OutputCacheMiddleware.<>c__DisplayClass11_0.<<InvokeAwaited>g__ExecuteResponseAsync|0>d.MoveNext()
--- End of stack trace from previous location ---
   at Microsoft.AspNetCore.OutputCaching.WorkDispatcher`2.ScheduleAsync(TKey key, Func`2 valueFactory)
   at Microsoft.AspNetCore.OutputCaching.OutputCacheMiddleware.InvokeAwaited(HttpContext httpContext, IReadOnlyList`1 policies)
   at Microsoft.AspNetCore.RateLimiting.RateLimitingMiddleware.InvokeInternal(HttpContext context, EnableRateLimitingAttribute enableRateLimitingAttribute)
   at Microsoft.AspNetCore.ResponseCompression.ResponseCompressionMiddleware.InvokeCore(HttpContext context)
   at Program.<>c.<<<Main>$>b__0_12>d.MoveNext() in D:\Projects\Store\src\Store.Api\Program.cs:line 264
--- End of stack trace from previous location ---
   at Store.Api.Middleware.RequestTrackingMiddleware.InvokeAsync(HttpContext context) in D:\Projects\Store\src\Store.Api\Middleware\RequestTrackingMiddleware.cs:line 70
   at Microsoft.AspNetCore.Diagnostics.ExceptionHandlerMiddlewareImpl.<Invoke>g__Awaited|10_0(ExceptionHandlerMiddlewareImpl middleware, HttpContext context, Task task)
ClientConnectionId:10897dcf-016f-4911-a0dc-de8b2d8662d3
Error Number:-2,State:0,Class:11
2026-09-24 16:15:25.902 +05:00 [WRN] Slow request: GET /api/catalog/products took 30761 ms (budget 300 ms) → 200
2026-09-24 16:15:25.903 +05:00 [ERR] SqlException on GET /api/catalog/products → 500 (correlation 00-ede9c47d2b6693db222652eaa139a31c-67070fd4c5b53876-00)
Microsoft.Data.SqlClient.SqlException (0x80131904): Execution Timeout Expired.  The timeout period elapsed prior to completion of the operation or the server is not responding.
 ---> System.ComponentModel.Win32Exception (258): The wait operation timed out.
   at Microsoft.Data.SqlClient.SqlCommand.<>c.<ExecuteDbDataReaderAsync>b__195_0(Task`1 result)
   at System.Threading.Tasks.ContinuationResultTaskFromResultTask`2.InnerInvoke()
   at System.Threading.ExecutionContext.RunInternal(ExecutionContext executionContext, ContextCallback callback, Object state)
--- End of stack trace from previous location ---
   at System.Threading.ExecutionContext.RunInternal(ExecutionContext executionContext, ContextCallback callback, Object state)
   at System.Threading.Tasks.Task.ExecuteWithThreadLocal(Task& currentTaskSlot, Thread threadPoolThread)
--- End of stack trace from previous location ---
   at Microsoft.EntityFrameworkCore.Storage.RelationalCommand.ExecuteReaderAsync(RelationalCommandParameterObject parameterObject, CancellationToken cancellationToken)
   at Microsoft.EntityFrameworkCore.Storage.RelationalCommand.ExecuteReaderAsync(RelationalCommandParameterObject parameterObject, CancellationToken cancellationToken)
   at Microsoft.EntityFrameworkCore.Query.Internal.SingleQueryingEnumerable`1.AsyncEnumerator.InitializeReaderAsync(AsyncEnumerator enumerator, CancellationToken cancellationToken)
   at Microsoft.EntityFrameworkCore.Storage.ExecutionStrategy.<>c__DisplayClass30_0`2.<<ExecuteAsync>b__0>d.MoveNext()
--- End of stack trace from previous location ---
   at Microsoft.EntityFrameworkCore.Storage.ExecutionStrategy.ExecuteImplementationAsync[TState,TResult](Func`4 operation, Func`4 verifySucceeded, TState state, CancellationToken cancellationToken)
   at Microsoft.EntityFrameworkCore.Storage.ExecutionStrategy.ExecuteImplementationAsync[TState,TResult](Func`4 operation, Func`4 verifySucceeded, TState state, CancellationToken cancellationToken)
   at Microsoft.EntityFrameworkCore.Storage.ExecutionStrategy.ExecuteAsync[TState,TResult](TState state, Func`4 operation, Func`4 verifySucceeded, CancellationToken cancellationToken)
   at Microsoft.EntityFrameworkCore.Query.Internal.SingleQueryingEnumerable`1.AsyncEnumerator.MoveNextAsync()
   at Microsoft.EntityFrameworkCore.EntityFrameworkQueryableExtensions.ToListAsync[TSource](IQueryable`1 source, CancellationToken cancellationToken)
   at Microsoft.EntityFrameworkCore.EntityFrameworkQueryableExtensions.ToListAsync[TSource](IQueryable`1 source, CancellationToken cancellationToken)
   at Store.Infrastructure.Catalog.ProductService.SearchAsync(ProductQuery query, Boolean includeFacets, CancellationToken ct) in D:\Projects\Store\src\Store.Infrastructure\Catalog\ProductService.cs:line 62
   at Store.Api.Endpoints.CatalogEndpoints.<>c.<<MapPublicCatalog>b__1_3>d.MoveNext() in D:\Projects\Store\src\Store.Api\Endpoints\CatalogEndpoints.cs:line 71
--- End of stack trace from previous location ---
   at Microsoft.AspNetCore.Http.RequestDelegateFactory.ExecuteTaskResult[T](Task`1 task, HttpContext httpContext)
   at Microsoft.AspNetCore.Authorization.AuthorizationMiddleware.Invoke(HttpContext context)
   at Microsoft.AspNetCore.Authentication.AuthenticationMiddleware.Invoke(HttpContext context)
   at Microsoft.AspNetCore.OutputCaching.OutputCacheMiddleware.<>c__DisplayClass11_0.<<InvokeAwaited>g__ExecuteResponseAsync|0>d.MoveNext()
--- End of stack trace from previous location ---
   at Microsoft.AspNetCore.OutputCaching.WorkDispatcher`2.ScheduleAsync(TKey key, Func`2 valueFactory)
   at Microsoft.AspNetCore.OutputCaching.OutputCacheMiddleware.InvokeAwaited(HttpContext httpContext, IReadOnlyList`1 policies)
   at Microsoft.AspNetCore.RateLimiting.RateLimitingMiddleware.InvokeInternal(HttpContext context, EnableRateLimitingAttribute enableRateLimitingAttribute)
   at Microsoft.AspNetCore.ResponseCompression.ResponseCompressionMiddleware.InvokeCore(HttpContext context)
   at Program.<>c.<<<Main>$>b__0_12>d.MoveNext() in D:\Projects\Store\src\Store.Api\Program.cs:line 264
--- End of stack trace from previous location ---
   at Store.Api.Middleware.RequestTrackingMiddleware.InvokeAsync(HttpContext context) in D:\Projects\Store\src\Store.Api\Middleware\RequestTrackingMiddleware.cs:line 70
   at Microsoft.AspNetCore.Diagnostics.ExceptionHandlerMiddlewareImpl.<Invoke>g__Awaited|10_0(ExceptionHandlerMiddlewareImpl middleware, HttpContext context, Task task)
ClientConnectionId:4f17af39-1188-4870-a9f3-44420cfa1647
Error Number:-2,State:0,Class:11
2026-09-24 16:15:25.857 +05:00 [ERR] SqlException on GET /api/catalog/products → 500 (correlation 00-fa62f7bfa9aec1530c2952dfc3b0b09e-310beefc219ca12d-00)
Microsoft.Data.SqlClient.SqlException (0x80131904): Execution Timeout Expired.  The timeout period elapsed prior to completion of the operation or the server is not responding.
 ---> System.ComponentModel.Win32Exception (258): The wait operation timed out.
   at Microsoft.Data.SqlClient.SqlCommand.<>c.<ExecuteDbDataReaderAsync>b__195_0(Task`1 result)
   at System.Threading.Tasks.ContinuationResultTaskFromResultTask`2.InnerInvoke()
   at System.Threading.ExecutionContext.RunInternal(ExecutionContext executionContext, ContextCallback callback, Object state)
--- End of stack trace from previous location ---
   at System.Threading.ExecutionContext.RunInternal(ExecutionContext executionContext, ContextCallback callback, Object state)
   at System.Threading.Tasks.Task.ExecuteWithThreadLocal(Task& currentTaskSlot, Thread threadPoolThread)
--- End of stack trace from previous location ---
   at Microsoft.EntityFrameworkCore.Storage.RelationalCommand.ExecuteReaderAsync(RelationalCommandParameterObject parameterObject, CancellationToken cancellationToken)
   at Microsoft.EntityFrameworkCore.Storage.RelationalCommand.ExecuteReaderAsync(RelationalCommandParameterObject parameterObject, CancellationToken cancellationToken)
   at Microsoft.EntityFrameworkCore.Query.Internal.SingleQueryingEnumerable`1.AsyncEnumerator.InitializeReaderAsync(AsyncEnumerator enumerator, CancellationToken cancellationToken)
   at Microsoft.EntityFrameworkCore.Storage.ExecutionStrategy.<>c__DisplayClass30_0`2.<<ExecuteAsync>b__0>d.MoveNext()
--- End of stack trace from previous location ---
   at Microsoft.EntityFrameworkCore.Storage.ExecutionStrategy.ExecuteImplementationAsync[TState,TResult](Func`4 operation, Func`4 verifySucceeded, TState state, CancellationToken cancellationToken)
   at Microsoft.EntityFrameworkCore.Storage.ExecutionStrategy.ExecuteImplementationAsync[TState,TResult](Func`4 operation, Func`4 verifySucceeded, TState state, CancellationToken cancellationToken)
   at Microsoft.EntityFrameworkCore.Storage.ExecutionStrategy.ExecuteAsync[TState,TResult](TState state, Func`4 operation, Func`4 verifySucceeded, CancellationToken cancellationToken)
   at Microsoft.EntityFrameworkCore.Query.Internal.SingleQueryingEnumerable`1.AsyncEnumerator.MoveNextAsync()
   at Microsoft.EntityFrameworkCore.EntityFrameworkQueryableExtensions.ToListAsync[TSource](IQueryable`1 source, CancellationToken cancellationToken)
   at Microsoft.EntityFrameworkCore.EntityFrameworkQueryableExtensions.ToListAsync[TSource](IQueryable`1 source, CancellationToken cancellationToken)
   at Store.Infrastructure.Catalog.ProductService.SearchAsync(ProductQuery query, Boolean includeFacets, CancellationToken ct) in D:\Projects\Store\src\Store.Infrastructure\Catalog\ProductService.cs:line 62
   at Store.Api.Endpoints.CatalogEndpoints.<>c.<<MapPublicCatalog>b__1_3>d.MoveNext() in D:\Projects\Store\src\Store.Api\Endpoints\CatalogEndpoints.cs:line 71
--- End of stack trace from previous location ---
   at Microsoft.AspNetCore.Http.RequestDelegateFactory.ExecuteTaskResult[T](Task`1 task, HttpContext httpContext)
   at Microsoft.AspNetCore.Authorization.AuthorizationMiddleware.Invoke(HttpContext context)
   at Microsoft.AspNetCore.Authentication.AuthenticationMiddleware.Invoke(HttpContext context)
   at Microsoft.AspNetCore.OutputCaching.OutputCacheMiddleware.<>c__DisplayClass11_0.<<InvokeAwaited>g__ExecuteResponseAsync|0>d.MoveNext()
--- End of stack trace from previous location ---
   at Microsoft.AspNetCore.OutputCaching.WorkDispatcher`2.ScheduleAsync(TKey key, Func`2 valueFactory)
   at Microsoft.AspNetCore.OutputCaching.OutputCacheMiddleware.InvokeAwaited(HttpContext httpContext, IReadOnlyList`1 policies)
   at Microsoft.AspNetCore.RateLimiting.RateLimitingMiddleware.InvokeInternal(HttpContext context, EnableRateLimitingAttribute enableRateLimitingAttribute)
   at Microsoft.AspNetCore.ResponseCompression.ResponseCompressionMiddleware.InvokeCore(HttpContext context)
   at Program.<>c.<<<Main>$>b__0_12>d.MoveNext() in D:\Projects\Store\src\Store.Api\Program.cs:line 264
--- End of stack trace from previous location ---
   at Store.Api.Middleware.RequestTrackingMiddleware.InvokeAsync(HttpContext context) in D:\Projects\Store\src\Store.Api\Middleware\RequestTrackingMiddleware.cs:line 70
   at Microsoft.AspNetCore.Diagnostics.ExceptionHandlerMiddlewareImpl.<Invoke>g__Awaited|10_0(ExceptionHandlerMiddlewareImpl middleware, HttpContext context, Task task)
ClientConnectionId:71b2f66e-51ba-4391-8dcb-5cc2b3e2a66f
Error Number:-2,State:0,Class:11
2026-09-24 16:15:26.392 +05:00 [WRN] Slow request: GET /api/cart took 417 ms (budget 300 ms) → 200
2026-09-24 16:15:29.749 +05:00 [WRN] The query uses the 'First'/'FirstOrDefault' operator without 'OrderBy' and filter operators. This may lead to unpredictable results.
2026-09-24 16:15:29.908 +05:00 [WRN] Slow request: GET /api/catalog/products took 10949 ms (budget 300 ms) → 200
2026-09-24 16:15:29.908 +05:00 [WRN] Slow request: GET /api/catalog/products took 7479 ms (budget 300 ms) → 200
2026-09-24 16:16:10.930 +05:00 [WRN] Slow request: GET /api/catalog/products took 366 ms (budget 300 ms) → 200
2026-09-24 16:17:17.090 +05:00 [WRN] Slow request: POST /api/auth/login took 1029 ms (budget 300 ms) → 200
2026-09-24 16:17:17.517 +05:00 [WRN] Slow request: GET /api/cart took 419 ms (budget 300 ms) → 200
2026-09-24 16:17:39.193 +05:00 [WRN] The query uses the 'First'/'FirstOrDefault' operator without 'OrderBy' and filter operators. This may lead to unpredictable results.
2026-09-24 16:17:39.286 +05:00 [WRN] The query uses the 'First'/'FirstOrDefault' operator without 'OrderBy' and filter operators. This may lead to unpredictable results.
2026-09-24 16:17:39.332 +05:00 [WRN] The query uses the 'First'/'FirstOrDefault' operator without 'OrderBy' and filter operators. This may lead to unpredictable results.
2026-09-24 16:17:39.560 +05:00 [WRN] The query uses the 'First'/'FirstOrDefault' operator without 'OrderBy' and filter operators. This may lead to unpredictable results.
2026-09-24 16:17:39.800 +05:00 [WRN] Slow request: GET /api/admin/reports/dashboard took 662 ms (budget 300 ms) → 200
2026-09-24 16:17:45.584 +05:00 [WRN] Slow request: GET /api/admin/products took 499 ms (budget 300 ms) → 200
2026-09-24 16:19:16.835 +05:00 [ERR] Failed executing DbCommand (30,017ms) [Parameters=[@p='?' (DbType = Int32), @p1='?' (DbType = Int32)], CommandType='"Text"', CommandTimeout='30']
SELECT [p0].[Id], [p0].[Name], [p0].[Slug], [p0].[ShortDescription], (
    SELECT TOP(1) [p1].[Url]
    FROM [ProductImages] AS [p1]
    WHERE [p0].[Id] = [p1].[ProductId]
    ORDER BY [p1].[IsPrimary] DESC, [p1].[DisplayOrder]), (
    SELECT TOP(1) [p2].[ThumbnailUrl]
    FROM [ProductImages] AS [p2]
    WHERE [p0].[Id] = [p2].[ProductId]
    ORDER BY [p2].[IsPrimary] DESC, [p2].[DisplayOrder]), (
    SELECT TOP(1) [p3].[BlurHash]
    FROM [ProductImages] AS [p3]
    WHERE [p0].[Id] = [p3].[ProductId]
    ORDER BY [p3].[IsPrimary] DESC, [p3].[DisplayOrder]), COALESCE((
    SELECT TOP(1) [p4].[Width]
    FROM [ProductImages] AS [p4]
    WHERE [p0].[Id] = [p4].[ProductId]
    ORDER BY [p4].[IsPrimary] DESC, [p4].[DisplayOrder]), 0), COALESCE((
    SELECT TOP(1) [p5].[Height]
    FROM [ProductImages] AS [p5]
    WHERE [p0].[Id] = [p5].[ProductId]
    ORDER BY [p5].[IsPrimary] DESC, [p5].[DisplayOrder]), 0), [p0].[MinPrice], [p0].[MaxPrice], [p0].[MaxCompareAtPrice], [p0].[InStock], [p0].[RatingAverage], [p0].[RatingCount], [p0].[Badge], [b0].[Name], [c0].[Name], [c0].[Slug], (
    SELECT COUNT(*)
    FROM [ProductVariants] AS [p6]
    WHERE [p0].[Id] = [p6].[ProductId] AND [p6].[IsActive] = CAST(1 AS bit)), COALESCE((
    SELECT TOP(1) [p7].[Unit]
    FROM [ProductVariants] AS [p7]
    WHERE [p0].[Id] = [p7].[ProductId] AND [p7].[IsDefault] = CAST(1 AS bit)), N'piece')
FROM (
    SELECT [p].[Id], [p].[Badge], [p].[BrandId], [p].[CategoryId], [p].[InStock], [p].[MaxCompareAtPrice], [p].[MaxPrice], [p].[MinPrice], [p].[Name], [p].[RatingAverage], [p].[RatingCount], [p].[ShortDescription], [p].[Slug], COALESCE([p].[PublishedAt], [p].[CreatedAt]) AS [c]
    FROM [Products] AS [p]
    WHERE [p].[DeletedAt] IS NULL AND [p].[Status] = 1
    ORDER BY COALESCE([p].[PublishedAt], [p].[CreatedAt]) DESC
    OFFSET @p ROWS FETCH NEXT @p1 ROWS ONLY
) AS [p0]
LEFT JOIN (
    SELECT [b].[Id], [b].[Name]
    FROM [Brands] AS [b]
    WHERE [b].[DeletedAt] IS NULL
) AS [b0] ON [p0].[BrandId] = [b0].[Id]
LEFT JOIN (
    SELECT [c].[Id], [c].[Name], [c].[Slug]
    FROM [Categories] AS [c]
    WHERE [c].[DeletedAt] IS NULL
) AS [c0] ON [p0].[CategoryId] = [c0].[Id]
ORDER BY [p0].[c] DESC
2026-09-24 16:19:16.835 +05:00 [ERR] Failed executing DbCommand (30,017ms) [Parameters=[@p='?' (DbType = Int32), @p1='?' (DbType = Int32)], CommandType='"Text"', CommandTimeout='30']
SELECT [p0].[Id], [p0].[Name], [p0].[Slug], [p0].[ShortDescription], (
    SELECT TOP(1) [p1].[Url]
    FROM [ProductImages] AS [p1]
    WHERE [p0].[Id] = [p1].[ProductId]
    ORDER BY [p1].[IsPrimary] DESC, [p1].[DisplayOrder]), (
    SELECT TOP(1) [p2].[ThumbnailUrl]
    FROM [ProductImages] AS [p2]
    WHERE [p0].[Id] = [p2].[ProductId]
    ORDER BY [p2].[IsPrimary] DESC, [p2].[DisplayOrder]), (
    SELECT TOP(1) [p3].[BlurHash]
    FROM [ProductImages] AS [p3]
    WHERE [p0].[Id] = [p3].[ProductId]
    ORDER BY [p3].[IsPrimary] DESC, [p3].[DisplayOrder]), COALESCE((
    SELECT TOP(1) [p4].[Width]
    FROM [ProductImages] AS [p4]
    WHERE [p0].[Id] = [p4].[ProductId]
    ORDER BY [p4].[IsPrimary] DESC, [p4].[DisplayOrder]), 0), COALESCE((
    SELECT TOP(1) [p5].[Height]
    FROM [ProductImages] AS [p5]
    WHERE [p0].[Id] = [p5].[ProductId]
    ORDER BY [p5].[IsPrimary] DESC, [p5].[DisplayOrder]), 0), [p0].[MinPrice], [p0].[MaxPrice], [p0].[MaxCompareAtPrice], [p0].[InStock], [p0].[RatingAverage], [p0].[RatingCount], [p0].[Badge], [b0].[Name], [c0].[Name], [c0].[Slug], (
    SELECT COUNT(*)
    FROM [ProductVariants] AS [p6]
    WHERE [p0].[Id] = [p6].[ProductId] AND [p6].[IsActive] = CAST(1 AS bit)), COALESCE((
    SELECT TOP(1) [p7].[Unit]
    FROM [ProductVariants] AS [p7]
    WHERE [p0].[Id] = [p7].[ProductId] AND [p7].[IsDefault] = CAST(1 AS bit)), N'piece')
FROM (
    SELECT [p].[Id], [p].[Badge], [p].[BrandId], [p].[CategoryId], [p].[InStock], [p].[MaxCompareAtPrice], [p].[MaxPrice], [p].[MinPrice], [p].[Name], [p].[RatingAverage], [p].[RatingCount], [p].[SalesCount], [p].[ShortDescription], [p].[Slug]
    FROM [Products] AS [p]
    WHERE [p].[DeletedAt] IS NULL AND [p].[Status] = 1 AND [p].[InStock] = CAST(1 AS bit)
    ORDER BY [p].[SalesCount] DESC, [p].[RatingAverage] DESC
    OFFSET @p ROWS FETCH NEXT @p1 ROWS ONLY
) AS [p0]
LEFT JOIN (
    SELECT [b].[Id], [b].[Name]
    FROM [Brands] AS [b]
    WHERE [b].[DeletedAt] IS NULL
) AS [b0] ON [p0].[BrandId] = [b0].[Id]
LEFT JOIN (
    SELECT [c].[Id], [c].[Name], [c].[Slug]
    FROM [Categories] AS [c]
    WHERE [c].[DeletedAt] IS NULL
) AS [c0] ON [p0].[CategoryId] = [c0].[Id]
ORDER BY [p0].[SalesCount] DESC, [p0].[RatingAverage] DESC
2026-09-24 16:19:16.835 +05:00 [ERR] Failed executing DbCommand (30,018ms) [Parameters=[@p='?' (DbType = Int32), @p1='?' (DbType = Int32)], CommandType='"Text"', CommandTimeout='30']
SELECT [p0].[Id], [p0].[Name], [p0].[Slug], [p0].[ShortDescription], (
    SELECT TOP(1) [p1].[Url]
    FROM [ProductImages] AS [p1]
    WHERE [p0].[Id] = [p1].[ProductId]
    ORDER BY [p1].[IsPrimary] DESC, [p1].[DisplayOrder]), (
    SELECT TOP(1) [p2].[ThumbnailUrl]
    FROM [ProductImages] AS [p2]
    WHERE [p0].[Id] = [p2].[ProductId]
    ORDER BY [p2].[IsPrimary] DESC, [p2].[DisplayOrder]), (
    SELECT TOP(1) [p3].[BlurHash]
    FROM [ProductImages] AS [p3]
    WHERE [p0].[Id] = [p3].[ProductId]
    ORDER BY [p3].[IsPrimary] DESC, [p3].[DisplayOrder]), COALESCE((
    SELECT TOP(1) [p4].[Width]
    FROM [ProductImages] AS [p4]
    WHERE [p0].[Id] = [p4].[ProductId]
    ORDER BY [p4].[IsPrimary] DESC, [p4].[DisplayOrder]), 0), COALESCE((
    SELECT TOP(1) [p5].[Height]
    FROM [ProductImages] AS [p5]
    WHERE [p0].[Id] = [p5].[ProductId]
    ORDER BY [p5].[IsPrimary] DESC, [p5].[DisplayOrder]), 0), [p0].[MinPrice], [p0].[MaxPrice], [p0].[MaxCompareAtPrice], [p0].[InStock], [p0].[RatingAverage], [p0].[RatingCount], [p0].[Badge], [b0].[Name], [c0].[Name], [c0].[Slug], (
    SELECT COUNT(*)
    FROM [ProductVariants] AS [p6]
    WHERE [p0].[Id] = [p6].[ProductId] AND [p6].[IsActive] = CAST(1 AS bit)), COALESCE((
    SELECT TOP(1) [p7].[Unit]
    FROM [ProductVariants] AS [p7]
    WHERE [p0].[Id] = [p7].[ProductId] AND [p7].[IsDefault] = CAST(1 AS bit)), N'piece')
FROM (
    SELECT [p].[Id], [p].[Badge], [p].[BrandId], [p].[CategoryId], [p].[CreatedAt], [p].[InStock], [p].[IsFeatured], [p].[MaxCompareAtPrice], [p].[MaxPrice], [p].[MinPrice], [p].[Name], [p].[RatingAverage], [p].[RatingCount], [p].[SalesCount], [p].[ShortDescription], [p].[Slug]
    FROM [Products] AS [p]
    WHERE [p].[DeletedAt] IS NULL AND [p].[Status] = 1 AND [p].[InStock] = CAST(1 AS bit) AND [p].[MaxCompareAtPrice] > [p].[MinPrice]
    ORDER BY [p].[InStock] DESC, [p].[IsFeatured] DESC, [p].[SalesCount] DESC, [p].[CreatedAt] DESC
    OFFSET @p ROWS FETCH NEXT @p1 ROWS ONLY
) AS [p0]
LEFT JOIN (
    SELECT [b].[Id], [b].[Name]
    FROM [Brands] AS [b]
    WHERE [b].[DeletedAt] IS NULL
) AS [b0] ON [p0].[BrandId] = [b0].[Id]
LEFT JOIN (
    SELECT [c].[Id], [c].[Name], [c].[Slug]
    FROM [Categories] AS [c]
    WHERE [c].[DeletedAt] IS NULL
) AS [c0] ON [p0].[CategoryId] = [c0].[Id]
ORDER BY [p0].[InStock] DESC, [p0].[IsFeatured] DESC, [p0].[SalesCount] DESC, [p0].[CreatedAt] DESC
2026-09-24 16:19:16.838 +05:00 [ERR] An exception occurred while iterating over the results of a query for context type 'Store.Infrastructure.Persistence.StoreDbContext'.
Microsoft.Data.SqlClient.SqlException (0x80131904): Execution Timeout Expired.  The timeout period elapsed prior to completion of the operation or the server is not responding.
 ---> System.ComponentModel.Win32Exception (258): The wait operation timed out.
   at System.Threading.Tasks.ContinuationResultTaskFromResultTask`2.InnerInvoke()
   at System.Threading.ExecutionContext.RunInternal(ExecutionContext executionContext, ContextCallback callback, Object state)
--- End of stack trace from previous location ---
   at System.Threading.ExecutionContext.RunInternal(ExecutionContext executionContext, ContextCallback callback, Object state)
   at System.Threading.Tasks.Task.ExecuteWithThreadLocal(Task& currentTaskSlot, Thread threadPoolThread)
--- End of stack trace from previous location ---
   at Microsoft.EntityFrameworkCore.Storage.RelationalCommand.ExecuteReaderAsync(RelationalCommandParameterObject parameterObject, CancellationToken cancellationToken)
   at Microsoft.EntityFrameworkCore.Storage.RelationalCommand.ExecuteReaderAsync(RelationalCommandParameterObject parameterObject, CancellationToken cancellationToken)
   at Microsoft.EntityFrameworkCore.Query.Internal.SingleQueryingEnumerable`1.AsyncEnumerator.InitializeReaderAsync(AsyncEnumerator enumerator, CancellationToken cancellationToken)
   at Microsoft.EntityFrameworkCore.Storage.ExecutionStrategy.<>c__DisplayClass30_0`2.<<ExecuteAsync>b__0>d.MoveNext()
--- End of stack trace from previous location ---
   at Microsoft.EntityFrameworkCore.Storage.ExecutionStrategy.ExecuteImplementationAsync[TState,TResult](Func`4 operation, Func`4 verifySucceeded, TState state, CancellationToken cancellationToken)
   at Microsoft.EntityFrameworkCore.Storage.ExecutionStrategy.ExecuteImplementationAsync[TState,TResult](Func`4 operation, Func`4 verifySucceeded, TState state, CancellationToken cancellationToken)
   at Microsoft.EntityFrameworkCore.Storage.ExecutionStrategy.ExecuteAsync[TState,TResult](TState state, Func`4 operation, Func`4 verifySucceeded, CancellationToken cancellationToken)
   at Microsoft.EntityFrameworkCore.Query.Internal.SingleQueryingEnumerable`1.AsyncEnumerator.MoveNextAsync()
ClientConnectionId:71b2f66e-51ba-4391-8dcb-5cc2b3e2a66f
Error Number:-2,State:0,Class:11
Microsoft.Data.SqlClient.SqlException (0x80131904): Execution Timeout Expired.  The timeout period elapsed prior to completion of the operation or the server is not responding.
 ---> System.ComponentModel.Win32Exception (258): The wait operation timed out.
   at System.Threading.Tasks.ContinuationResultTaskFromResultTask`2.InnerInvoke()
   at System.Threading.ExecutionContext.RunInternal(ExecutionContext executionContext, ContextCallback callback, Object state)
--- End of stack trace from previous location ---
   at System.Threading.ExecutionContext.RunInternal(ExecutionContext executionContext, ContextCallback callback, Object state)
   at System.Threading.Tasks.Task.ExecuteWithThreadLocal(Task& currentTaskSlot, Thread threadPoolThread)
--- End of stack trace from previous location ---
   at Microsoft.EntityFrameworkCore.Storage.RelationalCommand.ExecuteReaderAsync(RelationalCommandParameterObject parameterObject, CancellationToken cancellationToken)
   at Microsoft.EntityFrameworkCore.Storage.RelationalCommand.ExecuteReaderAsync(RelationalCommandParameterObject parameterObject, CancellationToken cancellationToken)
   at Microsoft.EntityFrameworkCore.Query.Internal.SingleQueryingEnumerable`1.AsyncEnumerator.InitializeReaderAsync(AsyncEnumerator enumerator, CancellationToken cancellationToken)
   at Microsoft.EntityFrameworkCore.Storage.ExecutionStrategy.<>c__DisplayClass30_0`2.<<ExecuteAsync>b__0>d.MoveNext()
--- End of stack trace from previous location ---
   at Microsoft.EntityFrameworkCore.Storage.ExecutionStrategy.ExecuteImplementationAsync[TState,TResult](Func`4 operation, Func`4 verifySucceeded, TState state, CancellationToken cancellationToken)
   at Microsoft.EntityFrameworkCore.Storage.ExecutionStrategy.ExecuteImplementationAsync[TState,TResult](Func`4 operation, Func`4 verifySucceeded, TState state, CancellationToken cancellationToken)
   at Microsoft.EntityFrameworkCore.Storage.ExecutionStrategy.ExecuteAsync[TState,TResult](TState state, Func`4 operation, Func`4 verifySucceeded, CancellationToken cancellationToken)
   at Microsoft.EntityFrameworkCore.Query.Internal.SingleQueryingEnumerable`1.AsyncEnumerator.MoveNextAsync()
ClientConnectionId:71b2f66e-51ba-4391-8dcb-5cc2b3e2a66f
Error Number:-2,State:0,Class:11
2026-09-24 16:19:16.838 +05:00 [ERR] An exception occurred while iterating over the results of a query for context type 'Store.Infrastructure.Persistence.StoreDbContext'.
Microsoft.Data.SqlClient.SqlException (0x80131904): Execution Timeout Expired.  The timeout period elapsed prior to completion of the operation or the server is not responding.
 ---> System.ComponentModel.Win32Exception (258): The wait operation timed out.
   at System.Threading.Tasks.ContinuationResultTaskFromResultTask`2.InnerInvoke()
   at System.Threading.ExecutionContext.RunInternal(ExecutionContext executionContext, ContextCallback callback, Object state)
--- End of stack trace from previous location ---
   at System.Threading.ExecutionContext.RunInternal(ExecutionContext executionContext, ContextCallback callback, Object state)
   at System.Threading.Tasks.Task.ExecuteWithThreadLocal(Task& currentTaskSlot, Thread threadPoolThread)
--- End of stack trace from previous location ---
   at Microsoft.EntityFrameworkCore.Storage.RelationalCommand.ExecuteReaderAsync(RelationalCommandParameterObject parameterObject, CancellationToken cancellationToken)
   at Microsoft.EntityFrameworkCore.Storage.RelationalCommand.ExecuteReaderAsync(RelationalCommandParameterObject parameterObject, CancellationToken cancellationToken)
   at Microsoft.EntityFrameworkCore.Query.Internal.SingleQueryingEnumerable`1.AsyncEnumerator.InitializeReaderAsync(AsyncEnumerator enumerator, CancellationToken cancellationToken)
   at Microsoft.EntityFrameworkCore.Storage.ExecutionStrategy.<>c__DisplayClass30_0`2.<<ExecuteAsync>b__0>d.MoveNext()
--- End of stack trace from previous location ---
   at Microsoft.EntityFrameworkCore.Storage.ExecutionStrategy.ExecuteImplementationAsync[TState,TResult](Func`4 operation, Func`4 verifySucceeded, TState state, CancellationToken cancellationToken)
   at Microsoft.EntityFrameworkCore.Storage.ExecutionStrategy.ExecuteImplementationAsync[TState,TResult](Func`4 operation, Func`4 verifySucceeded, TState state, CancellationToken cancellationToken)
   at Microsoft.EntityFrameworkCore.Storage.ExecutionStrategy.ExecuteAsync[TState,TResult](TState state, Func`4 operation, Func`4 verifySucceeded, CancellationToken cancellationToken)
   at Microsoft.EntityFrameworkCore.Query.Internal.SingleQueryingEnumerable`1.AsyncEnumerator.MoveNextAsync()
ClientConnectionId:4f17af39-1188-4870-a9f3-44420cfa1647
Error Number:-2,State:0,Class:11
Microsoft.Data.SqlClient.SqlException (0x80131904): Execution Timeout Expired.  The timeout period elapsed prior to completion of the operation or the server is not responding.
 ---> System.ComponentModel.Win32Exception (258): The wait operation timed out.
   at System.Threading.Tasks.ContinuationResultTaskFromResultTask`2.InnerInvoke()
   at System.Threading.ExecutionContext.RunInternal(ExecutionContext executionContext, ContextCallback callback, Object state)
--- End of stack trace from previous location ---
   at System.Threading.ExecutionContext.RunInternal(ExecutionContext executionContext, ContextCallback callback, Object state)
   at System.Threading.Tasks.Task.ExecuteWithThreadLocal(Task& currentTaskSlot, Thread threadPoolThread)
--- End of stack trace from previous location ---
   at Microsoft.EntityFrameworkCore.Storage.RelationalCommand.ExecuteReaderAsync(RelationalCommandParameterObject parameterObject, CancellationToken cancellationToken)
   at Microsoft.EntityFrameworkCore.Storage.RelationalCommand.ExecuteReaderAsync(RelationalCommandParameterObject parameterObject, CancellationToken cancellationToken)
   at Microsoft.EntityFrameworkCore.Query.Internal.SingleQueryingEnumerable`1.AsyncEnumerator.InitializeReaderAsync(AsyncEnumerator enumerator, CancellationToken cancellationToken)
   at Microsoft.EntityFrameworkCore.Storage.ExecutionStrategy.<>c__DisplayClass30_0`2.<<ExecuteAsync>b__0>d.MoveNext()
--- End of stack trace from previous location ---
   at Microsoft.EntityFrameworkCore.Storage.ExecutionStrategy.ExecuteImplementationAsync[TState,TResult](Func`4 operation, Func`4 verifySucceeded, TState state, CancellationToken cancellationToken)
   at Microsoft.EntityFrameworkCore.Storage.ExecutionStrategy.ExecuteImplementationAsync[TState,TResult](Func`4 operation, Func`4 verifySucceeded, TState state, CancellationToken cancellationToken)
   at Microsoft.EntityFrameworkCore.Storage.ExecutionStrategy.ExecuteAsync[TState,TResult](TState state, Func`4 operation, Func`4 verifySucceeded, CancellationToken cancellationToken)
   at Microsoft.EntityFrameworkCore.Query.Internal.SingleQueryingEnumerable`1.AsyncEnumerator.MoveNextAsync()
ClientConnectionId:4f17af39-1188-4870-a9f3-44420cfa1647
Error Number:-2,State:0,Class:11
2026-09-24 16:19:16.839 +05:00 [ERR] An exception occurred while iterating over the results of a query for context type 'Store.Infrastructure.Persistence.StoreDbContext'.
Microsoft.Data.SqlClient.SqlException (0x80131904): Execution Timeout Expired.  The timeout period elapsed prior to completion of the operation or the server is not responding.
 ---> System.ComponentModel.Win32Exception (258): The wait operation timed out.
   at System.Threading.Tasks.ContinuationResultTaskFromResultTask`2.InnerInvoke()
   at System.Threading.ExecutionContext.RunInternal(ExecutionContext executionContext, ContextCallback callback, Object state)
--- End of stack trace from previous location ---
   at System.Threading.ExecutionContext.RunInternal(ExecutionContext executionContext, ContextCallback callback, Object state)
   at System.Threading.Tasks.Task.ExecuteWithThreadLocal(Task& currentTaskSlot, Thread threadPoolThread)
--- End of stack trace from previous location ---
   at Microsoft.EntityFrameworkCore.Storage.RelationalCommand.ExecuteReaderAsync(RelationalCommandParameterObject parameterObject, CancellationToken cancellationToken)
   at Microsoft.EntityFrameworkCore.Storage.RelationalCommand.ExecuteReaderAsync(RelationalCommandParameterObject parameterObject, CancellationToken cancellationToken)
   at Microsoft.EntityFrameworkCore.Query.Internal.SingleQueryingEnumerable`1.AsyncEnumerator.InitializeReaderAsync(AsyncEnumerator enumerator, CancellationToken cancellationToken)
   at Microsoft.EntityFrameworkCore.Storage.ExecutionStrategy.<>c__DisplayClass30_0`2.<<ExecuteAsync>b__0>d.MoveNext()
--- End of stack trace from previous location ---
   at Microsoft.EntityFrameworkCore.Storage.ExecutionStrategy.ExecuteImplementationAsync[TState,TResult](Func`4 operation, Func`4 verifySucceeded, TState state, CancellationToken cancellationToken)
   at Microsoft.EntityFrameworkCore.Storage.ExecutionStrategy.ExecuteImplementationAsync[TState,TResult](Func`4 operation, Func`4 verifySucceeded, TState state, CancellationToken cancellationToken)
   at Microsoft.EntityFrameworkCore.Storage.ExecutionStrategy.ExecuteAsync[TState,TResult](TState state, Func`4 operation, Func`4 verifySucceeded, CancellationToken cancellationToken)
   at Microsoft.EntityFrameworkCore.Query.Internal.SingleQueryingEnumerable`1.AsyncEnumerator.MoveNextAsync()
ClientConnectionId:10897dcf-016f-4911-a0dc-de8b2d8662d3
Error Number:-2,State:0,Class:11
Microsoft.Data.SqlClient.SqlException (0x80131904): Execution Timeout Expired.  The timeout period elapsed prior to completion of the operation or the server is not responding.
 ---> System.ComponentModel.Win32Exception (258): The wait operation timed out.
   at System.Threading.Tasks.ContinuationResultTaskFromResultTask`2.InnerInvoke()
   at System.Threading.ExecutionContext.RunInternal(ExecutionContext executionContext, ContextCallback callback, Object state)
--- End of stack trace from previous location ---
   at System.Threading.ExecutionContext.RunInternal(ExecutionContext executionContext, ContextCallback callback, Object state)
   at System.Threading.Tasks.Task.ExecuteWithThreadLocal(Task& currentTaskSlot, Thread threadPoolThread)
--- End of stack trace from previous location ---
   at Microsoft.EntityFrameworkCore.Storage.RelationalCommand.ExecuteReaderAsync(RelationalCommandParameterObject parameterObject, CancellationToken cancellationToken)
   at Microsoft.EntityFrameworkCore.Storage.RelationalCommand.ExecuteReaderAsync(RelationalCommandParameterObject parameterObject, CancellationToken cancellationToken)
   at Microsoft.EntityFrameworkCore.Query.Internal.SingleQueryingEnumerable`1.AsyncEnumerator.InitializeReaderAsync(AsyncEnumerator enumerator, CancellationToken cancellationToken)
   at Microsoft.EntityFrameworkCore.Storage.ExecutionStrategy.<>c__DisplayClass30_0`2.<<ExecuteAsync>b__0>d.MoveNext()
--- End of stack trace from previous location ---
   at Microsoft.EntityFrameworkCore.Storage.ExecutionStrategy.ExecuteImplementationAsync[TState,TResult](Func`4 operation, Func`4 verifySucceeded, TState state, CancellationToken cancellationToken)
   at Microsoft.EntityFrameworkCore.Storage.ExecutionStrategy.ExecuteImplementationAsync[TState,TResult](Func`4 operation, Func`4 verifySucceeded, TState state, CancellationToken cancellationToken)
   at Microsoft.EntityFrameworkCore.Storage.ExecutionStrategy.ExecuteAsync[TState,TResult](TState state, Func`4 operation, Func`4 verifySucceeded, CancellationToken cancellationToken)
   at Microsoft.EntityFrameworkCore.Query.Internal.SingleQueryingEnumerable`1.AsyncEnumerator.MoveNextAsync()
ClientConnectionId:10897dcf-016f-4911-a0dc-de8b2d8662d3
Error Number:-2,State:0,Class:11
2026-09-24 16:19:16.845 +05:00 [WRN] Slow request: GET /api/catalog/products took 30173 ms (budget 300 ms) → 200
2026-09-24 16:19:16.846 +05:00 [WRN] Slow request: GET /api/catalog/products took 30175 ms (budget 300 ms) → 200
2026-09-24 16:19:16.849 +05:00 [WRN] Slow request: GET /api/catalog/products took 30176 ms (budget 300 ms) → 200
2026-09-24 16:19:16.849 +05:00 [ERR] SqlException on GET /api/catalog/products → 500 (correlation 00-636ba22a8fb3329637efd1e8b51f9be0-0e7400e2d158620c-00)
Microsoft.Data.SqlClient.SqlException (0x80131904): Execution Timeout Expired.  The timeout period elapsed prior to completion of the operation or the server is not responding.
 ---> System.ComponentModel.Win32Exception (258): The wait operation timed out.
   at System.Threading.Tasks.ContinuationResultTaskFromResultTask`2.InnerInvoke()
   at System.Threading.ExecutionContext.RunInternal(ExecutionContext executionContext, ContextCallback callback, Object state)
--- End of stack trace from previous location ---
   at System.Threading.ExecutionContext.RunInternal(ExecutionContext executionContext, ContextCallback callback, Object state)
   at System.Threading.Tasks.Task.ExecuteWithThreadLocal(Task& currentTaskSlot, Thread threadPoolThread)
--- End of stack trace from previous location ---
   at Microsoft.EntityFrameworkCore.Storage.RelationalCommand.ExecuteReaderAsync(RelationalCommandParameterObject parameterObject, CancellationToken cancellationToken)
   at Microsoft.EntityFrameworkCore.Storage.RelationalCommand.ExecuteReaderAsync(RelationalCommandParameterObject parameterObject, CancellationToken cancellationToken)
   at Microsoft.EntityFrameworkCore.Query.Internal.SingleQueryingEnumerable`1.AsyncEnumerator.InitializeReaderAsync(AsyncEnumerator enumerator, CancellationToken cancellationToken)
   at Microsoft.EntityFrameworkCore.Storage.ExecutionStrategy.<>c__DisplayClass30_0`2.<<ExecuteAsync>b__0>d.MoveNext()
--- End of stack trace from previous location ---
   at Microsoft.EntityFrameworkCore.Storage.ExecutionStrategy.ExecuteImplementationAsync[TState,TResult](Func`4 operation, Func`4 verifySucceeded, TState state, CancellationToken cancellationToken)
   at Microsoft.EntityFrameworkCore.Storage.ExecutionStrategy.ExecuteImplementationAsync[TState,TResult](Func`4 operation, Func`4 verifySucceeded, TState state, CancellationToken cancellationToken)
   at Microsoft.EntityFrameworkCore.Storage.ExecutionStrategy.ExecuteAsync[TState,TResult](TState state, Func`4 operation, Func`4 verifySucceeded, CancellationToken cancellationToken)
   at Microsoft.EntityFrameworkCore.Query.Internal.SingleQueryingEnumerable`1.AsyncEnumerator.MoveNextAsync()
   at Microsoft.EntityFrameworkCore.EntityFrameworkQueryableExtensions.ToListAsync[TSource](IQueryable`1 source, CancellationToken cancellationToken)
   at Microsoft.EntityFrameworkCore.EntityFrameworkQueryableExtensions.ToListAsync[TSource](IQueryable`1 source, CancellationToken cancellationToken)
   at Store.Infrastructure.Catalog.ProductService.SearchAsync(ProductQuery query, Boolean includeFacets, CancellationToken ct) in D:\Projects\Store\src\Store.Infrastructure\Catalog\ProductService.cs:line 62
   at Store.Api.Endpoints.CatalogEndpoints.<>c.<<MapPublicCatalog>b__1_3>d.MoveNext() in D:\Projects\Store\src\Store.Api\Endpoints\CatalogEndpoints.cs:line 71
--- End of stack trace from previous location ---
   at Microsoft.AspNetCore.Http.RequestDelegateFactory.ExecuteTaskResult[T](Task`1 task, HttpContext httpContext)
   at Microsoft.AspNetCore.Authorization.AuthorizationMiddleware.Invoke(HttpContext context)
   at Microsoft.AspNetCore.Authentication.AuthenticationMiddleware.Invoke(HttpContext context)
   at Microsoft.AspNetCore.OutputCaching.OutputCacheMiddleware.InvokeAwaited(HttpContext httpContext, IReadOnlyList`1 policies)
   at Microsoft.AspNetCore.RateLimiting.RateLimitingMiddleware.InvokeInternal(HttpContext context, EnableRateLimitingAttribute enableRateLimitingAttribute)
   at Microsoft.AspNetCore.ResponseCompression.ResponseCompressionMiddleware.InvokeCore(HttpContext context)
   at Program.<>c.<<<Main>$>b__0_12>d.MoveNext() in D:\Projects\Store\src\Store.Api\Program.cs:line 264
--- End of stack trace from previous location ---
   at Store.Api.Middleware.RequestTrackingMiddleware.InvokeAsync(HttpContext context) in D:\Projects\Store\src\Store.Api\Middleware\RequestTrackingMiddleware.cs:line 70
   at Microsoft.AspNetCore.Diagnostics.ExceptionHandlerMiddlewareImpl.<Invoke>g__Awaited|10_0(ExceptionHandlerMiddlewareImpl middleware, HttpContext context, Task task)
ClientConnectionId:10897dcf-016f-4911-a0dc-de8b2d8662d3
Error Number:-2,State:0,Class:11
2026-09-24 16:19:16.848 +05:00 [ERR] SqlException on GET /api/catalog/products → 500 (correlation 00-9a3cb16a6b55a7deb96b6e4918acdbbb-ba979623686deb1f-00)
Microsoft.Data.SqlClient.SqlException (0x80131904): Execution Timeout Expired.  The timeout period elapsed prior to completion of the operation or the server is not responding.
 ---> System.ComponentModel.Win32Exception (258): The wait operation timed out.
   at System.Threading.Tasks.ContinuationResultTaskFromResultTask`2.InnerInvoke()
   at System.Threading.ExecutionContext.RunInternal(ExecutionContext executionContext, ContextCallback callback, Object state)
--- End of stack trace from previous location ---
   at System.Threading.ExecutionContext.RunInternal(ExecutionContext executionContext, ContextCallback callback, Object state)
   at System.Threading.Tasks.Task.ExecuteWithThreadLocal(Task& currentTaskSlot, Thread threadPoolThread)
--- End of stack trace from previous location ---
   at Microsoft.EntityFrameworkCore.Storage.RelationalCommand.ExecuteReaderAsync(RelationalCommandParameterObject parameterObject, CancellationToken cancellationToken)
   at Microsoft.EntityFrameworkCore.Storage.RelationalCommand.ExecuteReaderAsync(RelationalCommandParameterObject parameterObject, CancellationToken cancellationToken)
   at Microsoft.EntityFrameworkCore.Query.Internal.SingleQueryingEnumerable`1.AsyncEnumerator.InitializeReaderAsync(AsyncEnumerator enumerator, CancellationToken cancellationToken)
   at Microsoft.EntityFrameworkCore.Storage.ExecutionStrategy.<>c__DisplayClass30_0`2.<<ExecuteAsync>b__0>d.MoveNext()
--- End of stack trace from previous location ---
   at Microsoft.EntityFrameworkCore.Storage.ExecutionStrategy.ExecuteImplementationAsync[TState,TResult](Func`4 operation, Func`4 verifySucceeded, TState state, CancellationToken cancellationToken)
   at Microsoft.EntityFrameworkCore.Storage.ExecutionStrategy.ExecuteImplementationAsync[TState,TResult](Func`4 operation, Func`4 verifySucceeded, TState state, CancellationToken cancellationToken)
   at Microsoft.EntityFrameworkCore.Storage.ExecutionStrategy.ExecuteAsync[TState,TResult](TState state, Func`4 operation, Func`4 verifySucceeded, CancellationToken cancellationToken)
   at Microsoft.EntityFrameworkCore.Query.Internal.SingleQueryingEnumerable`1.AsyncEnumerator.MoveNextAsync()
   at Microsoft.EntityFrameworkCore.EntityFrameworkQueryableExtensions.ToListAsync[TSource](IQueryable`1 source, CancellationToken cancellationToken)
   at Microsoft.EntityFrameworkCore.EntityFrameworkQueryableExtensions.ToListAsync[TSource](IQueryable`1 source, CancellationToken cancellationToken)
   at Store.Infrastructure.Catalog.ProductService.SearchAsync(ProductQuery query, Boolean includeFacets, CancellationToken ct) in D:\Projects\Store\src\Store.Infrastructure\Catalog\ProductService.cs:line 62
   at Store.Api.Endpoints.CatalogEndpoints.<>c.<<MapPublicCatalog>b__1_3>d.MoveNext() in D:\Projects\Store\src\Store.Api\Endpoints\CatalogEndpoints.cs:line 71
--- End of stack trace from previous location ---
   at Microsoft.AspNetCore.Http.RequestDelegateFactory.ExecuteTaskResult[T](Task`1 task, HttpContext httpContext)
   at Microsoft.AspNetCore.Authorization.AuthorizationMiddleware.Invoke(HttpContext context)
   at Microsoft.AspNetCore.Authentication.AuthenticationMiddleware.Invoke(HttpContext context)
   at Microsoft.AspNetCore.OutputCaching.OutputCacheMiddleware.InvokeAwaited(HttpContext httpContext, IReadOnlyList`1 policies)
   at Microsoft.AspNetCore.RateLimiting.RateLimitingMiddleware.InvokeInternal(HttpContext context, EnableRateLimitingAttribute enableRateLimitingAttribute)
   at Microsoft.AspNetCore.ResponseCompression.ResponseCompressionMiddleware.InvokeCore(HttpContext context)
   at Program.<>c.<<<Main>$>b__0_12>d.MoveNext() in D:\Projects\Store\src\Store.Api\Program.cs:line 264
--- End of stack trace from previous location ---
   at Store.Api.Middleware.RequestTrackingMiddleware.InvokeAsync(HttpContext context) in D:\Projects\Store\src\Store.Api\Middleware\RequestTrackingMiddleware.cs:line 70
   at Microsoft.AspNetCore.Diagnostics.ExceptionHandlerMiddlewareImpl.<Invoke>g__Awaited|10_0(ExceptionHandlerMiddlewareImpl middleware, HttpContext context, Task task)
ClientConnectionId:4f17af39-1188-4870-a9f3-44420cfa1647
Error Number:-2,State:0,Class:11
2026-09-24 16:19:16.848 +05:00 [ERR] SqlException on GET /api/catalog/products → 500 (correlation 00-0f8909bede3a4eb6ff5ac9dc68a2db66-48fdb5ec4aca8a34-00)
Microsoft.Data.SqlClient.SqlException (0x80131904): Execution Timeout Expired.  The timeout period elapsed prior to completion of the operation or the server is not responding.
 ---> System.ComponentModel.Win32Exception (258): The wait operation timed out.
   at System.Threading.Tasks.ContinuationResultTaskFromResultTask`2.InnerInvoke()
   at System.Threading.ExecutionContext.RunInternal(ExecutionContext executionContext, ContextCallback callback, Object state)
--- End of stack trace from previous location ---
   at System.Threading.ExecutionContext.RunInternal(ExecutionContext executionContext, ContextCallback callback, Object state)
   at System.Threading.Tasks.Task.ExecuteWithThreadLocal(Task& currentTaskSlot, Thread threadPoolThread)
--- End of stack trace from previous location ---
   at Microsoft.EntityFrameworkCore.Storage.RelationalCommand.ExecuteReaderAsync(RelationalCommandParameterObject parameterObject, CancellationToken cancellationToken)
   at Microsoft.EntityFrameworkCore.Storage.RelationalCommand.ExecuteReaderAsync(RelationalCommandParameterObject parameterObject, CancellationToken cancellationToken)
   at Microsoft.EntityFrameworkCore.Query.Internal.SingleQueryingEnumerable`1.AsyncEnumerator.InitializeReaderAsync(AsyncEnumerator enumerator, CancellationToken cancellationToken)
   at Microsoft.EntityFrameworkCore.Storage.ExecutionStrategy.<>c__DisplayClass30_0`2.<<ExecuteAsync>b__0>d.MoveNext()
--- End of stack trace from previous location ---
   at Microsoft.EntityFrameworkCore.Storage.ExecutionStrategy.ExecuteImplementationAsync[TState,TResult](Func`4 operation, Func`4 verifySucceeded, TState state, CancellationToken cancellationToken)
   at Microsoft.EntityFrameworkCore.Storage.ExecutionStrategy.ExecuteImplementationAsync[TState,TResult](Func`4 operation, Func`4 verifySucceeded, TState state, CancellationToken cancellationToken)
   at Microsoft.EntityFrameworkCore.Storage.ExecutionStrategy.ExecuteAsync[TState,TResult](TState state, Func`4 operation, Func`4 verifySucceeded, CancellationToken cancellationToken)
   at Microsoft.EntityFrameworkCore.Query.Internal.SingleQueryingEnumerable`1.AsyncEnumerator.MoveNextAsync()
   at Microsoft.EntityFrameworkCore.EntityFrameworkQueryableExtensions.ToListAsync[TSource](IQueryable`1 source, CancellationToken cancellationToken)
   at Microsoft.EntityFrameworkCore.EntityFrameworkQueryableExtensions.ToListAsync[TSource](IQueryable`1 source, CancellationToken cancellationToken)
   at Store.Infrastructure.Catalog.ProductService.SearchAsync(ProductQuery query, Boolean includeFacets, CancellationToken ct) in D:\Projects\Store\src\Store.Infrastructure\Catalog\ProductService.cs:line 62
   at Store.Api.Endpoints.CatalogEndpoints.<>c.<<MapPublicCatalog>b__1_3>d.MoveNext() in D:\Projects\Store\src\Store.Api\Endpoints\CatalogEndpoints.cs:line 71
--- End of stack trace from previous location ---
   at Microsoft.AspNetCore.Http.RequestDelegateFactory.ExecuteTaskResult[T](Task`1 task, HttpContext httpContext)
   at Microsoft.AspNetCore.Authorization.AuthorizationMiddleware.Invoke(HttpContext context)
   at Microsoft.AspNetCore.Authentication.AuthenticationMiddleware.Invoke(HttpContext context)
   at Microsoft.AspNetCore.OutputCaching.OutputCacheMiddleware.InvokeAwaited(HttpContext httpContext, IReadOnlyList`1 policies)
   at Microsoft.AspNetCore.RateLimiting.RateLimitingMiddleware.InvokeInternal(HttpContext context, EnableRateLimitingAttribute enableRateLimitingAttribute)
   at Microsoft.AspNetCore.ResponseCompression.ResponseCompressionMiddleware.InvokeCore(HttpContext context)
   at Program.<>c.<<<Main>$>b__0_12>d.MoveNext() in D:\Projects\Store\src\Store.Api\Program.cs:line 264
--- End of stack trace from previous location ---
   at Store.Api.Middleware.RequestTrackingMiddleware.InvokeAsync(HttpContext context) in D:\Projects\Store\src\Store.Api\Middleware\RequestTrackingMiddleware.cs:line 70
   at Microsoft.AspNetCore.Diagnostics.ExceptionHandlerMiddlewareImpl.<Invoke>g__Awaited|10_0(ExceptionHandlerMiddlewareImpl middleware, HttpContext context, Task task)
ClientConnectionId:71b2f66e-51ba-4391-8dcb-5cc2b3e2a66f
Error Number:-2,State:0,Class:11
2026-09-24 16:19:19.296 +05:00 [WRN] Compiling a query which loads related collections for more than one collection navigation, either via 'Include' or through projection, but no 'QuerySplittingBehavior' has been configured. By default, Entity Framework will use 'QuerySplittingBehavior.SingleQuery', which can potentially result in slow query performance. See https://go.microsoft.com/fwlink/?linkid=2134277 for more information. To identify the query that's triggering this warning call 'ConfigureWarnings(w => w.Throw(RelationalEventId.MultipleCollectionIncludeWarning))'.
2026-09-24 16:19:19.580 +05:00 [WRN] Slow request: GET /api/catalog/products/sunridge-chapati-atta took 369 ms (budget 300 ms) → 200
2026-09-24 16:19:19.752 +05:00 [WRN] Slow request: GET /api/catalog/products took 7905 ms (budget 300 ms) → 200
2026-09-24 16:19:28.189 +05:00 [WRN] Compiling a query which loads related collections for more than one collection navigation, either via 'Include' or through projection, but no 'QuerySplittingBehavior' has been configured. By default, Entity Framework will use 'QuerySplittingBehavior.SingleQuery', which can potentially result in slow query performance. See https://go.microsoft.com/fwlink/?linkid=2134277 for more information. To identify the query that's triggering this warning call 'ConfigureWarnings(w => w.Throw(RelationalEventId.MultipleCollectionIncludeWarning))'.
2026-09-24 16:19:28.452 +05:00 [WRN] Slow request: POST /api/cart/items took 965 ms (budget 300 ms) → 200
2026-09-24 16:19:56.189 +05:00 [WRN] The query uses the 'First'/'FirstOrDefault' operator without 'OrderBy' and filter operators. This may lead to unpredictable results.
2026-09-24 16:19:56.308 +05:00 [WRN] Slow request: GET /api/catalog/products took 690 ms (budget 300 ms) → 200
2026-09-24 16:20:05.396 +05:00 [WRN] The query uses the 'First'/'FirstOrDefault' operator without 'OrderBy' and filter operators. This may lead to unpredictable results.
2026-09-24 16:20:05.431 +05:00 [WRN] Slow request: GET /api/catalog/products took 521 ms (budget 300 ms) → 200
2026-09-24 16:20:09.119 +05:00 [WRN] The query uses the 'First'/'FirstOrDefault' operator without 'OrderBy' and filter operators. This may lead to unpredictable results.
2026-09-24 16:20:09.158 +05:00 [WRN] Slow request: GET /api/catalog/products took 388 ms (budget 300 ms) → 200
2026-09-24 16:20:26.015 +05:00 [WRN] Slow request: GET /api/catalog/products took 436 ms (budget 300 ms) → 200
2026-09-24 16:20:49.188 +05:00 [WRN] Slow request: GET /api/cart took 14435 ms (budget 300 ms) → 200
2026-09-24 16:20:49.440 +05:00 [WRN] Slow request: GET /api/catalog/products took 16576 ms (budget 300 ms) → 200
2026-09-24 16:20:49.441 +05:00 [WRN] Slow request: GET /api/catalog/products took 16578 ms (budget 300 ms) → 200
2026-09-24 16:20:49.751 +05:00 [WRN] Slow request: GET /api/catalog/products took 1430 ms (budget 300 ms) → 200
2026-09-24 16:21:38.803 +05:00 [INF] Order WPS-20260924-0001 placed: 1 item(s), total 122.70 HKD
2026-09-24 16:21:38.809 +05:00 [INF] [Email not sent — no SMTP configured]
  To: system@waqasprovisionstore.com
  Subject: Order WPS-20260924-0001 received
  Body:
<p>Thank you for your order.</p>
<p><strong>Order number:</strong> WPS-20260924-0001<br/>
<strong>Total:</strong> HKD 122.70</p>
<p>We will send another update as soon as it is on its way.</p>
<p>Waqas Provision Store — Ngau Chi Wan Market, Choi Hung</p>
2026-09-24 16:21:38.917 +05:00 [INF] Low-stock alert raised for Garden Black Chickpeas (7 left)
2026-09-24 16:21:38.941 +05:00 [WRN] Compiling a query which loads related collections for more than one collection navigation, either via 'Include' or through projection, but no 'QuerySplittingBehavior' has been configured. By default, Entity Framework will use 'QuerySplittingBehavior.SingleQuery', which can potentially result in slow query performance. See https://go.microsoft.com/fwlink/?linkid=2134277 for more information. To identify the query that's triggering this warning call 'ConfigureWarnings(w => w.Throw(RelationalEventId.MultipleCollectionIncludeWarning))'.
2026-09-24 16:21:39.072 +05:00 [WRN] Slow request: POST /api/checkout took 1042 ms (budget 300 ms) → 200
2026-09-24 16:21:55.318 +05:00 [WRN] Slow request: GET /api/admin/reports/dashboard took 328 ms (budget 300 ms) → 200
2026-09-24 16:22:21.161 +05:00 [INF] [Email not sent — no SMTP configured]
  To: system@waqasprovisionstore.com
  Subject: Order updated — WPS-20260924-0001
  Body:
<p>Order WPS-20260924-0001 has been updated.</p><p>Waqas Provision Store</p>
2026-09-24 16:22:27.179 +05:00 [INF] [Email not sent — no SMTP configured]
  To: system@waqasprovisionstore.com
  Subject: Order confirmed — WPS-20260924-0001
  Body:
<p>Order WPS-20260924-0001 is confirmed and being prepared.</p><p>Waqas Provision Store</p>
2026-09-24 16:22:27.180 +05:00 [INF] Order WPS-20260924-0001 moved "Pending" → "Confirmed" by "469307c1-62c0-41fa-112b-08df199968ee"
2026-09-24 16:22:30.475 +05:00 [INF] [Email not sent — no SMTP configured]
  To: system@waqasprovisionstore.com
  Subject: Order being prepared — WPS-20260924-0001
  Body:
<p>We are packing order WPS-20260924-0001 now.</p><p>Waqas Provision Store</p>
2026-09-24 16:22:30.475 +05:00 [INF] Order WPS-20260924-0001 moved "Confirmed" → "Processing" by "469307c1-62c0-41fa-112b-08df199968ee"
2026-09-24 16:22:35.292 +05:00 [INF] [Email not sent — no SMTP configured]
  To: system@waqasprovisionstore.com
  Subject: Order on its way — WPS-20260924-0001
  Body:
<p>Order WPS-20260924-0001 has left the shop.</p><p>Waqas Provision Store</p>
2026-09-24 16:22:35.292 +05:00 [INF] Order WPS-20260924-0001 moved "Processing" → "Shipped" by "469307c1-62c0-41fa-112b-08df199968ee"
2026-09-24 16:22:38.480 +05:00 [INF] [Email not sent — no SMTP configured]
  To: system@waqasprovisionstore.com
  Subject: Order delivered — WPS-20260924-0001
  Body:
<p>Order WPS-20260924-0001 has been delivered. Enjoy!</p><p>Waqas Provision Store</p>
2026-09-24 16:22:38.480 +05:00 [INF] Order WPS-20260924-0001 moved "Shipped" → "Delivered" by "469307c1-62c0-41fa-112b-08df199968ee"
2026-09-24 16:22:42.976 +05:00 [INF] [Email not sent — no SMTP configured]
  To: system@waqasprovisionstore.com
  Subject: Order refunded — WPS-20260924-0001
  Body:
<p>Order WPS-20260924-0001 has been refunded.</p><p>Waqas Provision Store</p>
2026-09-24 16:22:42.977 +05:00 [INF] Order WPS-20260924-0001 moved "Delivered" → "Refunded" by "469307c1-62c0-41fa-112b-08df199968ee"
2026-09-24 16:24:15.481 +05:00 [WRN] Slow request: GET /api/catalog/products took 3749 ms (budget 300 ms) → 200
2026-09-24 16:24:15.570 +05:00 [WRN] Slow request: GET /api/catalog/products took 3837 ms (budget 300 ms) → 200
2026-09-24 16:24:15.781 +05:00 [WRN] Slow request: GET /api/catalog/products took 3575 ms (budget 300 ms) → 200
2026-09-24 16:24:16.960 +05:00 [WRN] Slow request: GET /api/catalog/products took 5228 ms (budget 300 ms) → 200
2026-09-24 16:28:25.529 +05:00 [WRN] Slow request: GET /api/catalog/products took 372 ms (budget 300 ms) → 200
2026-09-24 16:28:25.688 +05:00 [WRN] Slow request: GET /api/catalog/products took 525 ms (budget 300 ms) → 200
2026-09-24 16:28:25.701 +05:00 [WRN] Slow request: GET /api/catalog/products took 537 ms (budget 300 ms) → 200
2026-09-24 16:31:14.436 +05:00 [WRN] Slow request: GET /api/catalog/products took 437 ms (budget 300 ms) → 200
2026-09-24 16:31:14.437 +05:00 [WRN] Slow request: GET /api/catalog/products took 437 ms (budget 300 ms) → 200
2026-09-24 16:33:17.623 +05:00 [INF] Registered new customer "00000000-0000-0000-0000-000000000000"
2026-09-24 16:33:17.688 +05:00 [WRN] Slow request: POST /api/auth/register took 479 ms (budget 300 ms) → 200
2026-09-24 16:33:18.071 +05:00 [WRN] Slow request: GET /api/cart took 374 ms (budget 300 ms) → 200
2026-09-24 16:34:12.165 +05:00 [WRN] Slow request: GET /api/catalog/products took 443 ms (budget 300 ms) → 200
2026-09-24 16:35:42.091 +05:00 [WRN] Slow request: GET /api/catalog/products took 405 ms (budget 300 ms) → 200
2026-09-24 16:35:42.095 +05:00 [WRN] Slow request: GET /api/catalog/products took 406 ms (budget 300 ms) → 200
2026-09-24 16:35:42.184 +05:00 [WRN] Slow request: GET /api/catalog/products took 498 ms (budget 300 ms) → 200
2026-09-24 16:37:50.107 +05:00 [WRN] Slow request: GET /api/catalog/products took 702 ms (budget 300 ms) → 200
2026-09-24 16:37:50.230 +05:00 [WRN] Slow request: GET /api/catalog/products took 826 ms (budget 300 ms) → 200
2026-09-24 16:37:50.375 +05:00 [WRN] Slow request: GET /api/catalog/products took 970 ms (budget 300 ms) → 200
2026-09-24 16:42:52.157 +05:00 [WRN] Slow request: GET /api/catalog/products took 379 ms (budget 300 ms) → 200
2026-09-24 16:42:52.346 +05:00 [WRN] Slow request: GET /api/catalog/products took 563 ms (budget 300 ms) → 200
2026-09-24 16:42:52.414 +05:00 [WRN] Slow request: GET /api/catalog/products took 629 ms (budget 300 ms) → 200
2026-09-24 16:44:19.973 +05:00 [WRN] Slow request: POST /api/auth/refresh took 493 ms (budget 300 ms) → 200
2026-09-24 16:44:19.974 +05:00 [WRN] Slow request: POST /api/auth/refresh took 491 ms (budget 300 ms) → 200
2026-09-24 16:44:20.238 +05:00 [WRN] Slow request: GET /api/catalog/products took 498 ms (budget 300 ms) → 200
2026-09-24 16:44:27.631 +05:00 [WRN] The query uses the 'First'/'FirstOrDefault' operator without 'OrderBy' and filter operators. This may lead to unpredictable results.
2026-09-24 16:44:27.704 +05:00 [WRN] Slow request: GET /api/catalog/products took 370 ms (budget 300 ms) → 200
2026-09-24 16:45:22.909 +05:00 [WRN] The query uses the 'First'/'FirstOrDefault' operator without 'OrderBy' and filter operators. This may lead to unpredictable results.
2026-09-24 16:45:22.973 +05:00 [WRN] Slow request: GET /api/catalog/products took 431 ms (budget 300 ms) → 200
2026-09-24 16:48:35.419 +05:00 [WRN] Slow request: GET /api/catalog/products took 683 ms (budget 300 ms) → 200
2026-09-24 16:48:35.555 +05:00 [WRN] Slow request: GET /api/catalog/products took 819 ms (budget 300 ms) → 200
2026-09-24 16:48:35.671 +05:00 [WRN] Slow request: GET /api/catalog/products took 947 ms (budget 300 ms) → 200
2026-09-24 16:48:52.676 +05:00 [WRN] Slow request: GET /api/catalog/products took 352 ms (budget 300 ms) → 200
2026-09-24 16:49:33.838 +05:00 [INF] Order WPS-20260924-0002 placed: 1 item(s), total 57.70 HKD
2026-09-24 16:49:33.869 +05:00 [INF] [Email not sent — no SMTP configured]
  To: admin@gmail.com
  Subject: Order WPS-20260924-0002 received
  Body:
<p>Thank you for your order.</p>
<p><strong>Order number:</strong> WPS-20260924-0002<br/>
<strong>Total:</strong> HKD 57.70</p>
<p>We will send another update as soon as it is on its way.</p>
<p>Waqas Provision Store — Ngau Chi Wan Market, Choi Hung</p>
2026-09-24 16:49:33.892 +05:00 [WRN] Slow request: POST /api/checkout took 309 ms (budget 300 ms) → 200
2026-09-24 16:51:45.345 +05:00 [WRN] Slow request: GET /api/catalog/products took 464 ms (budget 300 ms) → 200
2026-09-24 16:53:03.110 +05:00 [INF] Order WPS-20260924-0003 placed: 1 item(s), total 116.00 HKD
2026-09-24 16:53:03.118 +05:00 [INF] [Email not sent — no SMTP configured]
  To: admin@gmail.com
  Subject: Order WPS-20260924-0003 received
  Body:
<p>Thank you for your order.</p>
<p><strong>Order number:</strong> WPS-20260924-0003<br/>
<strong>Total:</strong> HKD 116.00</p>
<p>We will send another update as soon as it is on its way.</p>
<p>Waqas Provision Store — Ngau Chi Wan Market, Choi Hung</p>
2026-09-24 16:53:11.411 +05:00 [WRN] Compiling a query which loads related collections for more than one collection navigation, either via 'Include' or through projection, but no 'QuerySplittingBehavior' has been configured. By default, Entity Framework will use 'QuerySplittingBehavior.SingleQuery', which can potentially result in slow query performance. See https://go.microsoft.com/fwlink/?linkid=2134277 for more information. To identify the query that's triggering this warning call 'ConfigureWarnings(w => w.Throw(RelationalEventId.MultipleCollectionIncludeWarning))'.
2026-09-24 16:53:50.090 +05:00 [INF] [Email not sent — no SMTP configured]
  To: admin@gmail.com
  Subject: Order confirmed — WPS-20260924-0003
  Body:
<p>Order WPS-20260924-0003 is confirmed and being prepared.</p><p>Waqas Provision Store</p>
2026-09-24 16:53:50.090 +05:00 [INF] Order WPS-20260924-0003 moved "Pending" → "Confirmed" by "469307c1-62c0-41fa-112b-08df199968ee"
2026-09-24 16:53:53.986 +05:00 [INF] [Email not sent — no SMTP configured]
  To: admin@gmail.com
  Subject: Order being prepared — WPS-20260924-0003
  Body:
<p>We are packing order WPS-20260924-0003 now.</p><p>Waqas Provision Store</p>
2026-09-24 16:53:53.986 +05:00 [INF] Order WPS-20260924-0003 moved "Confirmed" → "Processing" by "469307c1-62c0-41fa-112b-08df199968ee"
2026-09-24 16:53:57.772 +05:00 [INF] [Email not sent — no SMTP configured]
  To: admin@gmail.com
  Subject: Order on its way — WPS-20260924-0003
  Body:
<p>Order WPS-20260924-0003 has left the shop.</p><p>Waqas Provision Store</p>
2026-09-24 16:53:57.772 +05:00 [INF] Order WPS-20260924-0003 moved "Processing" → "Shipped" by "469307c1-62c0-41fa-112b-08df199968ee"
2026-09-24 16:54:03.454 +05:00 [INF] [Email not sent — no SMTP configured]
  To: admin@gmail.com
  Subject: Order delivered — WPS-20260924-0003
  Body:
<p>Order WPS-20260924-0003 has been delivered. Enjoy!</p><p>Waqas Provision Store</p>
2026-09-24 16:54:03.454 +05:00 [INF] Order WPS-20260924-0003 moved "Shipped" → "Delivered" by "469307c1-62c0-41fa-112b-08df199968ee"
2026-09-24 16:56:20.262 +05:00 [WRN] Slow request: GET /api/catalog/products took 312 ms (budget 300 ms) → 200
2026-09-24 16:56:20.264 +05:00 [WRN] Slow request: GET /api/catalog/products took 313 ms (budget 300 ms) → 200
2026-09-24 16:56:20.272 +05:00 [WRN] Slow request: GET /api/catalog/products took 321 ms (budget 300 ms) → 200
2026-09-24 16:57:11.463 +05:00 [INF] Order WPS-20260924-0004 placed: 1 item(s), total 53.20 HKD
2026-09-24 16:57:11.463 +05:00 [INF] [Email not sent — no SMTP configured]
  To: system@waqasprovisionstore.com
  Subject: Order WPS-20260924-0004 received
  Body:
<p>Thank you for your order.</p>
<p><strong>Order number:</strong> WPS-20260924-0004<br/>
<strong>Total:</strong> HKD 53.20</p>
<p>We will send another update as soon as it is on its way.</p>
<p>Waqas Provision Store — Ngau Chi Wan Market, Choi Hung</p>
